-- phpMyAdmin SQL Dump
-- version 5.0.2
-- https://www.phpmyadmin.net/
--
-- Host: localhost
-- Creato il: Mag 26, 2020 alle 09:07
-- Versione del server: 10.3.22-MariaDB
-- Versione PHP: 7.3.16

SET SQL_MODE = "NO_AUTO_VALUE_ON_ZERO";
START TRANSACTION;
SET time_zone = "+00:00";


/*!40101 SET @OLD_CHARACTER_SET_CLIENT=@@CHARACTER_SET_CLIENT */;
/*!40101 SET @OLD_CHARACTER_SET_RESULTS=@@CHARACTER_SET_RESULTS */;
/*!40101 SET @OLD_COLLATION_CONNECTION=@@COLLATION_CONNECTION */;
/*!40101 SET NAMES utf8mb4 */;

--
-- Database: `alu_1`
--

-- --------------------------------------------------------

--
-- Struttura della tabella `books`
--

CREATE TABLE `books` (
  `id` int(11) NOT NULL,
  `title` varchar(500) NOT NULL,
  `isbn` varchar(13) NOT NULL,
  `price` decimal(4,2) NOT NULL
) ENGINE=InnoDB DEFAULT CHARSET=latin1;

--
-- Dump dei dati per la tabella `books`
--

INSERT INTO `books` (`id`, `title`, `isbn`, `price`) VALUES
(1, 'Chimica: molecole in movimento. Volume unico. Per le Scuole superiori  . Con Contenuto digitale (fornito elettronicamente)', '9788808269409', '34.60'),
(2, 'Giovani Diritti Regole.  Con Cittadini digitali + ITE + Didastore', '9788839526953', '21.95'),
(3, 'La fisica di Walker. Vol. unico. Per le Scuole superiori. Con e-book. Con espansione online', '9788863648850', '32.15'),
(4, 'Grammar reference. Per le Scuole superiori. Con DVD-ROM. Con e-book. Con espansione online', '9788849420883', '28.70'),
(5, 'Engage! With your future. Per le Scuole superiori. Con e-book. Con espansione online', '9788883395260', '28.60'),
(6, 'Un libro sogna. Narrativa. Per le Scuole superiori. Con aggiornamento online', '9788808721075', '23.40'),
(7, 'Il buon uso dell\'italiano. Vol. A-B. Per le Scuole superiori. Con e-book. Con espansione online', '9788869644801', '32.20'),
(8, 'Colori della matematica. Geometria-Quaderno geometria. Ediz. verde. Per gli Ist. tecnici. Con e-book. Con espansione online', '9788849421712', '17.70'),
(9, 'Colori della matematica. Algebra-Quaderno. Ediz. verde. Per gli Ist. tecnici. Con e-book. Con espansione online: 1', '9788849421699', '28.10'),
(10, 'Terra, acqua, aria. Per le Scuole superiori. Con e-book. Con espansione online', '9788808520593', '20.00'),
(11, 'Sapere storia. Con Atlante. Per le Scuole superiori. Con e-book. Con espansione online: 1', '9788842114888', '22.90'),
(12, 'TTR. Tecnologie e tecniche di rappresentazione grafica. Disegno 1-Materiali misura sicurezza-schede di disegno 1. Per le Scuole superiori', '9788805073634', '13.20'),
(13, 'TTR. Tecnologie e tecniche di rappresentazione grafica. Disegno 2-Schede di disegno 2. Per le Scuole superiori', '9788805073641', '14.20'),
(14, 'Dal bit alle App. Con codifiche in Scratch, Clanguage, Python, Pascal App Inventor per Android. Per le Scuole superiori. Con e-book. Con espansione online', '9788863648935', '21.70'),
(15, 'Il nuovo tiberiade. Le grandi religioni. Per le Scuole superiori. Con e-book. Con espansione online', '9788835047537', '16.70'),
(16, 'Più movimento. Vol. unico. Per le Scuole superiori. Con e-book. Con espansione online', '9788839302809', '21.35'),
(17, 'Biologica. Capire le scienze della vita. Per le Scuole superiori. Con e-book. Con espansione online', '9788863649611', '22.80'),
(18, 'Ora geo. Per gli Ist. tecnici e professionali. Con e-book. Con espansione online. Con Libro: Atlante', '9788851128272', '11.65'),
(19, 'Un libro sogna. Poesia e teatro. Per le Scuole superiori. Con aggiornamento online', '9788808592095', '17.20'),
(20, 'La matematica a colori. Algebra. Ediz. verde. Per le Scuole superiori. Con e-book. Con espansione online: 2', '9788849419153', '24.20'),
(21, 'Corso di scienze e tecnologie applicate. Ediz. openschool. Per gli Ist. tecnici settore tecnologico. Con e-book. Con espansione online', '9788820372729', '20.90'),
(22, 'Sapere storia. Per le Scuole superiori. Con e-book. Con espansione online: 2', '9788842114895', '22.90'),
(23, 'Speak your mind compact. Per le Scuole superiori. Con e-book. Con espansione online', '9788883392481', '29.10'),
(24, 'La matematica a colori. Geometria. Ediz. verde. Per le Scuole superiori. Con e-book. Con espansione online', '9788849419160', '14.95'),
(25, 'Corso di elettrotecnica ed elettronica. Per l\'articolazione elettrotecnica degli istituti tecnici settore tecnologico. Per le Scuole superiori. Con DVD', '9788820366261', '25.90'),
(26, 'Performer B2 updated. Ready for First and INVALSI. Student\'s book-Workbook. Per le Scuole superiori. Con espansione online', '9788808812568', '36.00'),
(27, 'La letteratura ieri, oggi, domani. Con Antologia. Ediz. nuovo esame di Stato. Per le Scuole superiori. Con e-book. Con espansione online: 1', '9788839536440', '44.20'),
(28, 'La matematica a colori. Ediz. verde. Vol. A-B. Per le Scuole superiori. Con e-book. Con espansione online: 3', '9788849420227', '31.90'),
(29, 'Corso di sistemi automatici. Nuova edizione openschool. Per le articolazioni elettrotecnica, elettronica e automazione degli Istituti Tecnici.. Con DVD: 1', '9788820366322', '25.90'),
(30, 'Voci della storia e dell\'attualità. Per le Scuole superiori. Con espansione online: 1', '9788822173386', '23.60'),
(31, 'Tecnologie e progettazione di sistemi elettrici ed elettronici. Nuova edizione openschool. Per l\'articolazione elettronica degli Istituti Tecnici ... di Sistemi Elettrici ed Elettronici  - VOL.1', '9788820366643', '24.90'),
(32, 'Fondamenti di elettrotecnica ed elettronica. Con quaderno. Per gli Ist. tecnici industriali. Con espansione online: 1', '9788884881182', '19.50'),
(33, 'Scienze e tecnologie applicate con Arduino. Per gli Ist. tecnici. Con e-book. Con espansione online', '9788826818184', '13.50'),
(34, 'Nuovo sistemi e reti. Per l\'articolazione informatica degli istituti tecnici settore tecnologico. Ediz. openschool. Per gli Ist. tecnici industriali. Con e-book. Con espansione online: 1', '9788820388737', '20.90'),
(35, 'Nuovo tecnologie e progettazione di sistemi informatici e di telecomunicazioni. Per l\'articolazione informatica degli istituti tecnici settore ... Con e-book. Con espansione online: 1', '9788820388584', '22.90'),
(36, 'Telecomunicazioni per informatica. Laboratorio. Con quaderno operativo di laboratorio. Con e-book. Con espansione online. Per gli Ist. tecnici industriali', '9788884882615', '24.00'),
(37, 'Corso di informatica. Per le Scuole superiori. Con Contenuto digitale (fornito elettronicamente): 1', '9788808520937', '28.60'),
(38, 'Il nuovo dal progetto al prodotto. Per gli Ist. tecnici industriali. Con espansione online: 1', '9788839529930', '37.70'),
(39, 'Sistemi automazione industriale. Meccanica-Meccatronica. Per gli Ist. tecnici e professionali. Con espansione online: 1', '9788837914059', '24.50'),
(40, 'Corso di tecnologia meccanica. Ediz. openschool. Controlli, produzione dei materiali, processi di trasformazione, collegamenti. Per le Scuole superiori: 1', '9788820366506', '28.90'),
(41, 'Manuale di meccanica', '9788820366452', '71.90'),
(42, 'Le basi della chimica analitica. Laboratorio. Per le Scuole superiori. Con espansione online', '9788808202871', '17.20'),
(43, 'Percorsi di chimica organica. Per le Scuole superiori. Con espansione online', '9788808063656', '19.50'),
(44, 'Il tempo del vestire. Storia del costume e della moda. Per le Scuole superiori. Con espansione online: 3', '9788808353467', '23.70'),
(45, 'Corso di elettrotecnica ed elettronica. Ediz. openschool. Per gli Ist. tecnici industriali. Con e-book. Con espansione online: 2', '9788820372767', '23.90'),
(46, 'Working with new technology. Per gli Ist. professionali. Con e-book. Con espansione online [Lingua inglese]', '9788883394348', '24.60'),
(47, 'La letteratura ieri, oggi, domani. Dal barocco a Leopardi. Ediz. nuovo esame di Stato. Per le Scuole superiori. Con e-book. Con espansione online: 2', '9788839536457', '39.70'),
(48, 'La matematica a colori. Ediz. verde. Per le Scuole superiori. Con e-book. Con espansione online: 4', '9788849420234', '30.85'),
(49, 'Corso di sistemi automatici. Ediz. openschool. Con e-book. Con espansione online. Per gli Ist. tecnici industriali: 2', '9788820372750', '25.90'),
(50, 'Voci della storia e dell\'attualità. Per le Scuole superiori. Con espansione online: 2', '9788822173515', '25.10'),
(51, 'Tecnologie e progettazione di sistemi elettrici ed elettronici. Per gli Ist. tecnici industriali. Con e-book. Con espansione online: 2', '9788820372781', '25.90'),
(52, 'Cult B2. Student\'s book and Workbook. Per le Scuole superiori. Con espansione online [Lingua inglese]', '9788853015044', '30.90'),
(53, 'Tiberiade. Ediz. plus. Per le Scuole superiori. Con DVD. Con e-book. Con espansione online', '9788835038412', '15.40'),
(54, 'Economia, marketing & distribuzione. Ediz. blu: moda. Per gli Ist. tecnici e professionali. Con ebook. Con espansione online', '9788820383299', '0.00'),
(55, 'Fondamenti di elettrotecnica ed elettronica. Con Quaderno operativo di laboratorio. Per gli Ist. tecnici industriali. Con espansione online: 2', '9788884881250', '22.50'),
(56, 'Sistemi e reti. Ediz. openschool. PEr gli Ist. tecnici industriali. Con e-book. Con espansione online: 2', '9788820372484', '21.90'),
(57, 'Tecnologie e progettazione di sistemi informatici e di telecomunicazioni. Per gli Ist. tecnici industriali. Con e-book. Con espansione online: 2', '9788820372347', '22.90'),
(58, 'Bit by bit. English for information and communications technology. Per il triennio degli Ist. tecnici settore tecnologico. Con ebook. Con espansione online. Con CD-Audio [Lingua inglese]', '9788844120801', '0.00'),
(59, 'Tutti i colori della vita. Con fascicolo Ciotti: non lasciamoci rubare il futuro. Ediz. blu. Per le Scuole superiori. Con espansione online', '9788805070237', '19.70'),
(60, 'Il nuovo dal progetto al prodotto. Per gli Ist. Tecnici industriali. Con espansione online: 2', '9788839529947', '37.70'),
(61, 'I mech. English for mechanical technology. Ediz. openschool. Per gli Ist. tecnici e professionali. Con e-book. Con espansione online. Con CD-Audio', '9788820388669', '22.90'),
(62, 'Sistemi e automazione. Ediz. openschool. Per gli Ist. tecnici industriali. Con e-book. Con espansione online: 2', '9788820378349', '25.90'),
(63, 'Corso di tecnologia meccanica. Ediz. openschool. Per gli Ist. tecnici industriali. Con e-book. Con espansione online: 2', '9788820372408', '25.90'),
(64, 'Smartmech. Prove d\'esame-Flip book. Per gli Ist. tecnici. Con e-book. Con espansione online [Lingua inglese]', '9788853620774', '23.90'),
(65, 'Macchine termiche. Per gli Ist. tecnici e professionali', '9788842660149', '0.00'),
(66, 'Corso di elettrotecnica ed elettronica. Ediz. openschool. Per gli Ist. tecnici industriali. Con e-book. Con espansione online: 3', '9788820378479', '25.90'),
(67, 'Talent Level 3 Exams Toolkit [Lingua inglese]', '9781108454551', '6.40'),
(68, 'La letteratura ieri, oggi, domani. Ediz. nuovo esame di Stato. Per le Scuole superiori. Con e-book. Con espansione online: 3\\2', '9788839536495', '26.40'),
(69, 'La letteratura ieri, oggi, domani. Ediz. nuovo esame di Stato. Per le Scuole superiori. Con e-book. Con espansione online: 3\\1', '9788839536488', '26.40'),
(70, 'La matematica a colori. Ediz. verde. Per le Scuole superiori: 5', '9788849420241', '28.70'),
(71, 'Corso di sistemi automatici. Ediz. openschool. Per gli Ist. tecnici industriali. Con e-book. Con espansione online: 3', '9788820378462', '27.90'),
(72, 'Voci della storia e dell\'attualità. Per le Scuole superiori. Con espansione online: 3', '9788822173430', '26.20'),
(73, 'Tecnologie e progettazione di sistemi elettrici ed elettronici. Per gli Ist. tecnici industriali. Con e-book. Con espansione online: 3', '9788820378509', '25.90'),
(74, 'New electr-on. English for electronics, electrotechnology, automation and Ict. Per gli Ist. Tecnici e professionali. Con CD Audio. Con espansione online [Lingua inglese]', '9788844118730', '24.80'),
(75, 'Le vie del mondo. Per le Scuole superiori. Con e-book', '9788805074389', '17.70'),
(76, 'Fondamenti di elettrotecnica ed elettronica. Con quaderno. Con espansione online. Per gli Ist. tecnici industriali: 3', '9788884881267', '23.50'),
(77, 'Corso di sistemi automatici. Per l\'articolazione automazione. Ediz. openschool gialla. Per gli Ist. tecnici settore tecnologico. Con e-book. Con espansione online: 3', '9788820378455', '26.90'),
(78, 'Sitemi e reti. Ediz. openschool. Per gli Ist. tecnici industriali. Con e-book. Con espansione online: 3', '9788820378622', '22.90'),
(79, 'Tecnologie e progettazione di sistemi informatici e di telecomunicazioni. Per gli Ist. tecnici industriali. Con e-book. Con espansione online: 3', '9788820378424', '23.90'),
(80, 'Gestione del progetto e organizzazione di impresa. Per gli Ist. tecnici. Con e-book. Con espansione online', '9788820361099', '21.50'),
(81, 'New i-tech. English for information and communication technology. Per gli Ist. tecnici e professionali. Con e-book. Con espansione online', '9788844119621', '24.80'),
(82, 'Corso di informatica. Per le Scuole superiori. Con espansione online: 3', '9788808245427', '32.00'),
(83, 'Nuovo dal progetto al prodotto. Per gli Ist. Tecnici industriali. Con espansione online: 3', '9788839529954', '41.35'),
(84, 'Sistemi e automazione. Ediz. Openschool. Per l\'indirizzo Meccanica, meccatronica ed energia degli Ist. tecnici settore tecnologico. Con ebook. Con espansione online: 3', '9788820383268', '25.90'),
(85, 'Marketing, distribuzione & presentazione del prodotto. Tessile abbigliamento. Con e-book. Con espansione online. Per gli Ist. tecnici e professionali', '9788884882707', '21.00');

-- --------------------------------------------------------

--
-- Struttura della tabella `book_school_class`
--

CREATE TABLE `book_school_class` (
  `school_class_id` int(11) NOT NULL,
  `book_id` int(11) NOT NULL
) ENGINE=InnoDB DEFAULT CHARSET=latin1;

--
-- Dump dei dati per la tabella `book_school_class`
--

INSERT INTO `book_school_class` (`school_class_id`, `book_id`) VALUES
(1, 1),
(1, 2),
(1, 3),
(1, 4),
(1, 5),
(1, 6),
(1, 7),
(1, 8),
(1, 9),
(1, 10),
(1, 11),
(1, 12),
(1, 13),
(1, 14),
(1, 15),
(1, 16),
(2, 1),
(2, 2),
(2, 3),
(2, 4),
(2, 5),
(2, 6),
(2, 7),
(2, 8),
(2, 9),
(2, 10),
(2, 11),
(2, 12),
(2, 13),
(2, 14),
(2, 15),
(2, 16),
(3, 1),
(3, 2),
(3, 3),
(3, 4),
(3, 5),
(3, 6),
(3, 7),
(3, 8),
(3, 9),
(3, 10),
(3, 11),
(3, 12),
(3, 13),
(3, 14),
(3, 15),
(3, 16),
(4, 1),
(4, 2),
(4, 3),
(4, 4),
(4, 5),
(4, 6),
(4, 7),
(4, 8),
(4, 9),
(4, 10),
(4, 11),
(4, 12),
(4, 13),
(4, 14),
(4, 15),
(4, 16),
(5, 1),
(5, 2),
(5, 3),
(5, 4),
(5, 5),
(5, 6),
(5, 7),
(5, 8),
(5, 9),
(5, 10),
(5, 11),
(5, 12),
(5, 13),
(5, 14),
(5, 15),
(5, 16),
(6, 1),
(6, 2),
(6, 3),
(6, 4),
(6, 5),
(6, 6),
(6, 7),
(6, 8),
(6, 9),
(6, 10),
(6, 11),
(6, 12),
(6, 13),
(6, 14),
(6, 15),
(6, 16),
(7, 1),
(7, 2),
(7, 3),
(7, 4),
(7, 5),
(7, 6),
(7, 7),
(7, 8),
(7, 9),
(7, 10),
(7, 11),
(7, 12),
(7, 13),
(7, 14),
(7, 15),
(7, 16),
(8, 1),
(8, 2),
(8, 3),
(8, 4),
(8, 5),
(8, 6),
(8, 7),
(8, 8),
(8, 9),
(8, 10),
(8, 11),
(8, 12),
(8, 13),
(8, 14),
(8, 15),
(8, 16),
(9, 1),
(9, 2),
(9, 3),
(9, 4),
(9, 5),
(9, 6),
(9, 7),
(9, 8),
(9, 9),
(9, 10),
(9, 11),
(9, 12),
(9, 13),
(9, 14),
(9, 15),
(9, 16),
(10, 1),
(10, 2),
(10, 3),
(10, 4),
(10, 5),
(10, 6),
(10, 7),
(10, 8),
(10, 9),
(10, 10),
(10, 11),
(10, 12),
(10, 13),
(10, 14),
(10, 15),
(10, 16),
(11, 1),
(11, 2),
(11, 3),
(11, 4),
(11, 5),
(11, 6),
(11, 7),
(11, 8),
(11, 9),
(11, 10),
(11, 11),
(11, 12),
(11, 13),
(11, 14),
(11, 15),
(11, 16),
(12, 1),
(12, 2),
(12, 3),
(12, 4),
(12, 5),
(12, 6),
(12, 7),
(12, 8),
(12, 9),
(12, 10),
(12, 11),
(12, 12),
(12, 13),
(12, 14),
(12, 15),
(12, 16),
(13, 1),
(13, 2),
(13, 3),
(13, 4),
(13, 5),
(13, 6),
(13, 7),
(13, 8),
(13, 9),
(13, 10),
(13, 11),
(13, 12),
(13, 13),
(13, 14),
(13, 15),
(13, 16),
(14, 1),
(14, 2),
(14, 3),
(14, 4),
(14, 5),
(14, 6),
(14, 7),
(14, 8),
(14, 9),
(14, 10),
(14, 11),
(14, 12),
(14, 13),
(14, 14),
(14, 15),
(14, 16),
(15, 1),
(15, 2),
(15, 3),
(15, 4),
(15, 5),
(15, 6),
(15, 7),
(15, 8),
(15, 9),
(15, 10),
(15, 11),
(15, 12),
(15, 13),
(15, 14),
(15, 15),
(15, 16),
(16, 1),
(16, 2),
(16, 3),
(16, 4),
(16, 5),
(16, 6),
(16, 7),
(16, 8),
(16, 9),
(16, 10),
(16, 11),
(16, 12),
(16, 13),
(16, 14),
(16, 15),
(16, 16),
(17, 1),
(17, 2),
(17, 3),
(17, 4),
(17, 5),
(17, 6),
(17, 7),
(17, 8),
(17, 9),
(17, 10),
(17, 11),
(17, 12),
(17, 13),
(17, 14),
(17, 15),
(17, 16),
(18, 1),
(18, 2),
(18, 3),
(18, 4),
(18, 5),
(18, 6),
(18, 7),
(18, 8),
(18, 9),
(18, 10),
(18, 11),
(18, 12),
(18, 13),
(18, 14),
(18, 15),
(18, 16),
(19, 1),
(19, 2),
(19, 3),
(19, 4),
(19, 5),
(19, 6),
(19, 7),
(19, 8),
(19, 9),
(19, 10),
(19, 11),
(19, 12),
(19, 13),
(19, 14),
(19, 15),
(19, 16),
(20, 1),
(20, 2),
(20, 3),
(20, 4),
(20, 5),
(20, 6),
(20, 7),
(20, 8),
(20, 9),
(20, 10),
(20, 11),
(20, 12),
(20, 13),
(20, 14),
(20, 15),
(20, 16),
(21, 1),
(21, 2),
(21, 3),
(21, 4),
(21, 7),
(21, 12),
(21, 13),
(21, 15),
(21, 16),
(21, 17),
(21, 18),
(21, 19),
(21, 20),
(21, 21),
(21, 22),
(21, 23),
(21, 24),
(22, 1),
(22, 2),
(22, 3),
(22, 4),
(22, 7),
(22, 12),
(22, 13),
(22, 15),
(22, 16),
(22, 17),
(22, 18),
(22, 19),
(22, 20),
(22, 21),
(22, 22),
(22, 23),
(22, 24),
(23, 1),
(23, 2),
(23, 3),
(23, 4),
(23, 7),
(23, 12),
(23, 13),
(23, 15),
(23, 16),
(23, 17),
(23, 18),
(23, 19),
(23, 20),
(23, 21),
(23, 22),
(23, 23),
(23, 24),
(24, 1),
(24, 2),
(24, 3),
(24, 4),
(24, 7),
(24, 12),
(24, 13),
(24, 15),
(24, 16),
(24, 17),
(24, 18),
(24, 19),
(24, 20),
(24, 21),
(24, 22),
(24, 23),
(24, 24),
(25, 1),
(25, 2),
(25, 3),
(25, 4),
(25, 7),
(25, 12),
(25, 13),
(25, 15),
(25, 16),
(25, 17),
(25, 18),
(25, 19),
(25, 20),
(25, 21),
(25, 22),
(25, 23),
(25, 24),
(26, 1),
(26, 2),
(26, 3),
(26, 4),
(26, 7),
(26, 12),
(26, 13),
(26, 15),
(26, 16),
(26, 17),
(26, 18),
(26, 19),
(26, 20),
(26, 21),
(26, 22),
(26, 23),
(26, 24),
(27, 1),
(27, 2),
(27, 3),
(27, 4),
(27, 7),
(27, 12),
(27, 13),
(27, 15),
(27, 16),
(27, 17),
(27, 18),
(27, 19),
(27, 20),
(27, 21),
(27, 22),
(27, 23),
(27, 24),
(28, 1),
(28, 2),
(28, 3),
(28, 4),
(28, 7),
(28, 12),
(28, 13),
(28, 15),
(28, 16),
(28, 17),
(28, 18),
(28, 19),
(28, 20),
(28, 21),
(28, 22),
(28, 23),
(28, 24),
(29, 1),
(29, 2),
(29, 3),
(29, 4),
(29, 7),
(29, 12),
(29, 13),
(29, 15),
(29, 16),
(29, 17),
(29, 18),
(29, 19),
(29, 20),
(29, 21),
(29, 22),
(29, 23),
(29, 24),
(30, 1),
(30, 2),
(30, 3),
(30, 4),
(30, 7),
(30, 12),
(30, 13),
(30, 15),
(30, 16),
(30, 17),
(30, 18),
(30, 19),
(30, 20),
(30, 21),
(30, 22),
(30, 23),
(30, 24),
(31, 1),
(31, 2),
(31, 3),
(31, 4),
(31, 7),
(31, 12),
(31, 13),
(31, 15),
(31, 16),
(31, 17),
(31, 18),
(31, 19),
(31, 20),
(31, 21),
(31, 22),
(31, 23),
(31, 24),
(32, 1),
(32, 2),
(32, 3),
(32, 4),
(32, 7),
(32, 12),
(32, 13),
(32, 15),
(32, 16),
(32, 17),
(32, 18),
(32, 19),
(32, 20),
(32, 21),
(32, 22),
(32, 23),
(32, 24),
(33, 1),
(33, 2),
(33, 3),
(33, 4),
(33, 7),
(33, 12),
(33, 13),
(33, 15),
(33, 16),
(33, 17),
(33, 18),
(33, 19),
(33, 20),
(33, 21),
(33, 22),
(33, 23),
(33, 24),
(34, 1),
(34, 2),
(34, 3),
(34, 4),
(34, 7),
(34, 12),
(34, 13),
(34, 15),
(34, 16),
(34, 17),
(34, 18),
(34, 19),
(34, 20),
(34, 21),
(34, 22),
(34, 23),
(34, 24),
(35, 4),
(35, 15),
(35, 16),
(35, 25),
(35, 26),
(35, 27),
(35, 28),
(35, 29),
(35, 30),
(35, 31),
(36, 4),
(36, 15),
(36, 16),
(36, 25),
(36, 26),
(36, 27),
(36, 28),
(36, 29),
(36, 30),
(36, 31),
(37, 4),
(37, 15),
(37, 16),
(37, 26),
(37, 27),
(37, 28),
(37, 29),
(37, 30),
(37, 32),
(37, 33),
(38, 4),
(38, 15),
(38, 16),
(38, 26),
(38, 27),
(38, 28),
(38, 30),
(38, 34),
(38, 35),
(38, 36),
(39, 4),
(39, 15),
(39, 16),
(39, 26),
(39, 27),
(39, 28),
(39, 30),
(39, 34),
(39, 35),
(39, 36),
(39, 37),
(40, 4),
(40, 15),
(40, 16),
(40, 26),
(40, 27),
(40, 28),
(40, 30),
(40, 34),
(40, 35),
(40, 36),
(40, 37),
(41, 4),
(41, 15),
(41, 16),
(41, 26),
(41, 27),
(41, 28),
(41, 30),
(41, 34),
(41, 35),
(41, 36),
(41, 37),
(42, 4),
(42, 15),
(42, 16),
(42, 26),
(42, 27),
(42, 28),
(42, 30),
(42, 34),
(42, 35),
(42, 36),
(42, 37),
(43, 4),
(43, 15),
(43, 16),
(43, 26),
(43, 27),
(43, 28),
(43, 30),
(43, 38),
(43, 39),
(43, 40),
(43, 41),
(44, 4),
(44, 15),
(44, 16),
(44, 26),
(44, 27),
(44, 28),
(44, 30),
(44, 38),
(44, 39),
(44, 40),
(44, 41),
(45, 4),
(45, 15),
(45, 16),
(45, 26),
(45, 27),
(45, 28),
(45, 30),
(45, 38),
(45, 39),
(45, 40),
(45, 41),
(46, 4),
(46, 15),
(46, 16),
(46, 26),
(46, 27),
(46, 28),
(46, 30),
(46, 38),
(46, 39),
(46, 40),
(46, 41),
(47, 4),
(47, 15),
(47, 16),
(47, 26),
(47, 27),
(47, 28),
(47, 30),
(47, 38),
(47, 39),
(47, 40),
(47, 41),
(48, 4),
(48, 15),
(48, 16),
(48, 26),
(48, 27),
(48, 28),
(48, 30),
(48, 42),
(48, 43),
(48, 44),
(48, 54),
(49, 16),
(49, 28),
(49, 45),
(49, 46),
(49, 47),
(49, 48),
(49, 49),
(49, 50),
(49, 51),
(49, 52),
(49, 53),
(50, 16),
(50, 28),
(50, 33),
(50, 45),
(50, 46),
(50, 47),
(50, 48),
(50, 49),
(50, 50),
(50, 51),
(50, 52),
(50, 53),
(51, 16),
(51, 28),
(51, 46),
(51, 47),
(51, 48),
(51, 49),
(51, 50),
(51, 52),
(51, 53),
(51, 55),
(52, 16),
(52, 28),
(52, 46),
(52, 47),
(52, 48),
(52, 49),
(52, 50),
(52, 52),
(52, 53),
(52, 55),
(53, 16),
(53, 28),
(53, 36),
(53, 47),
(53, 48),
(53, 50),
(53, 52),
(53, 53),
(53, 56),
(53, 57),
(54, 16),
(54, 28),
(54, 36),
(54, 37),
(54, 47),
(54, 48),
(54, 50),
(54, 52),
(54, 53),
(54, 56),
(54, 57),
(54, 58),
(55, 16),
(55, 28),
(55, 36),
(55, 37),
(55, 47),
(55, 48),
(55, 50),
(55, 52),
(55, 53),
(55, 56),
(55, 57),
(56, 16),
(56, 28),
(56, 36),
(56, 37),
(56, 47),
(56, 48),
(56, 50),
(56, 52),
(56, 53),
(56, 56),
(56, 57),
(56, 58),
(56, 59),
(57, 16),
(57, 28),
(57, 36),
(57, 37),
(57, 47),
(57, 48),
(57, 50),
(57, 52),
(57, 53),
(57, 56),
(57, 57),
(57, 58),
(58, 16),
(58, 28),
(58, 47),
(58, 48),
(58, 50),
(58, 52),
(58, 53),
(58, 60),
(58, 61),
(58, 62),
(58, 63),
(59, 16),
(59, 28),
(59, 47),
(59, 48),
(59, 50),
(59, 52),
(59, 53),
(59, 60),
(59, 61),
(59, 62),
(59, 63),
(60, 16),
(60, 28),
(60, 47),
(60, 48),
(60, 50),
(60, 52),
(60, 53),
(60, 60),
(60, 62),
(60, 63),
(60, 64),
(61, 16),
(61, 28),
(61, 47),
(61, 48),
(61, 50),
(61, 52),
(61, 53),
(61, 60),
(61, 61),
(61, 62),
(61, 63),
(61, 65),
(62, 4),
(62, 16),
(62, 27),
(62, 28),
(62, 30),
(62, 53),
(62, 61),
(62, 62),
(62, 63),
(63, 16),
(63, 28),
(63, 44),
(63, 47),
(63, 48),
(63, 50),
(63, 52),
(63, 53),
(63, 54),
(64, 16),
(64, 66),
(64, 67),
(64, 68),
(64, 69),
(64, 70),
(64, 71),
(64, 72),
(64, 73),
(64, 74),
(64, 75),
(65, 16),
(65, 66),
(65, 67),
(65, 68),
(65, 69),
(65, 70),
(65, 71),
(65, 72),
(65, 73),
(65, 74),
(65, 75),
(66, 16),
(66, 67),
(66, 68),
(66, 69),
(66, 70),
(66, 72),
(66, 74),
(66, 75),
(66, 76),
(66, 77),
(67, 16),
(67, 67),
(67, 68),
(67, 69),
(67, 70),
(67, 72),
(67, 74),
(67, 75),
(67, 76),
(67, 77),
(68, 16),
(68, 67),
(68, 68),
(68, 69),
(68, 70),
(68, 72),
(68, 75),
(68, 78),
(68, 79),
(68, 80),
(68, 81),
(69, 16),
(69, 67),
(69, 68),
(69, 69),
(69, 70),
(69, 72),
(69, 75),
(69, 78),
(69, 79),
(69, 81),
(69, 82),
(70, 16),
(70, 67),
(70, 68),
(70, 69),
(70, 70),
(70, 72),
(70, 75),
(70, 78),
(70, 79),
(70, 81),
(70, 82),
(71, 16),
(71, 67),
(71, 68),
(71, 69),
(71, 70),
(71, 72),
(71, 75),
(71, 78),
(71, 79),
(71, 81),
(71, 82),
(72, 16),
(72, 67),
(72, 68),
(72, 69),
(72, 70),
(72, 72),
(72, 75),
(72, 78),
(72, 79),
(72, 81),
(72, 82),
(73, 16),
(73, 40),
(73, 64),
(73, 67),
(73, 68),
(73, 69),
(73, 70),
(73, 72),
(73, 75),
(73, 83),
(73, 84),
(74, 16),
(74, 40),
(74, 64),
(74, 67),
(74, 68),
(74, 69),
(74, 70),
(74, 72),
(74, 75),
(74, 83),
(74, 84),
(75, 16),
(75, 40),
(75, 64),
(75, 67),
(75, 68),
(75, 69),
(75, 70),
(75, 72),
(75, 75),
(75, 83),
(75, 84),
(76, 16),
(76, 40),
(76, 64),
(76, 67),
(76, 68),
(76, 69),
(76, 70),
(76, 72),
(76, 75),
(76, 83),
(76, 84),
(77, 16),
(77, 40),
(77, 64),
(77, 67),
(77, 68),
(77, 69),
(77, 70),
(77, 72),
(77, 75),
(77, 83),
(77, 84),
(78, 16),
(78, 44),
(78, 67),
(78, 68),
(78, 69),
(78, 70),
(78, 72),
(78, 75),
(78, 85),
(79, 3),
(79, 8),
(79, 9),
(79, 10),
(79, 14),
(81, 25),
(81, 28),
(81, 31),
(82, 28),
(82, 36),
(83, 28),
(83, 40),
(84, 45),
(84, 48),
(84, 51),
(85, 48),
(86, 48),
(86, 61),
(86, 63),
(87, 70),
(87, 73),
(88, 70),
(89, 61),
(89, 70);

-- --------------------------------------------------------

--
-- Struttura della tabella `offers`
--

CREATE TABLE `offers` (
  `id` int(11) NOT NULL,
  `user_id` int(11) NOT NULL,
  `book_id` int(11) NOT NULL
) ENGINE=InnoDB DEFAULT CHARSET=latin1;

--
-- Dump dei dati per la tabella `offers`
--

INSERT INTO `offers` (`id`, `user_id`, `book_id`) VALUES
(1, 2, 14),
(2, 1, 42),
(3, 3, 75),
(4, 5, 44),
(5, 3, 64),
(6, 4, 26),
(7, 2, 36),
(8, 1, 53),
(9, 4, 53),
(10, 5, 31);

-- --------------------------------------------------------

--
-- Struttura della tabella `school_classes`
--

CREATE TABLE `school_classes` (
  `id` int(11) NOT NULL,
  `name` varchar(10) NOT NULL,
  `school_year` char(9) NOT NULL
) ENGINE=InnoDB DEFAULT CHARSET=latin1;

--
-- Dump dei dati per la tabella `school_classes`
--

INSERT INTO `school_classes` (`id`, `name`, `school_year`) VALUES
(1, '1EA', '2019-2020'),
(2, '1EB', '2019-2020'),
(3, '1EC', '2019-2020'),
(4, '1IA', '2019-2020'),
(5, '1IB', '2019-2020'),
(6, '1IC', '2019-2020'),
(7, '1ID', '2019-2020'),
(8, '1IE', '2019-2020'),
(9, '1IF', '2019-2020'),
(10, '1IG', '2019-2020'),
(11, '1IH', '2019-2020'),
(12, '1MA', '2019-2020'),
(13, '1MB', '2019-2020'),
(14, '1MC', '2019-2020'),
(15, '1MD', '2019-2020'),
(16, '1ME', '2019-2020'),
(17, '1MF', '2019-2020'),
(18, '1MG', '2019-2020'),
(19, '1MT', '2019-2020'),
(20, '1TI', '2019-2020'),
(21, '2EA', '2019-2020'),
(22, '2EB', '2019-2020'),
(23, '2EC', '2019-2020'),
(24, '2IA', '2019-2020'),
(25, '2IB', '2019-2020'),
(26, '2IC', '2019-2020'),
(27, '2ID', '2019-2020'),
(28, '2IE', '2019-2020'),
(29, '2IF', '2019-2020'),
(30, '2MA', '2019-2020'),
(31, '2MB', '2019-2020'),
(32, '2MC', '2019-2020'),
(33, '2MD', '2019-2020'),
(34, '2MT', '2019-2020'),
(35, '3EA', '2019-2020'),
(36, '3EB', '2019-2020'),
(37, '3EC', '2019-2020'),
(38, '3IA', '2019-2020'),
(39, '3IB', '2019-2020'),
(40, '3IC', '2019-2020'),
(41, '3ID', '2019-2020'),
(42, '3IE', '2019-2020'),
(43, '3MA', '2019-2020'),
(44, '3MB', '2019-2020'),
(45, '3MC', '2019-2020'),
(46, '3MD', '2019-2020'),
(47, '3ME', '2019-2020'),
(48, '3TA', '2019-2020'),
(49, '4EA', '2019-2020'),
(50, '4EB', '2019-2020'),
(51, '4EC', '2019-2020'),
(52, '4ED', '2019-2020'),
(53, '4IA', '2019-2020'),
(54, '4IB', '2019-2020'),
(55, '4IC', '2019-2020'),
(56, '4ID', '2019-2020'),
(57, '4IE', '2019-2020'),
(58, '4MA', '2019-2020'),
(59, '4MB', '2019-2020'),
(60, '4MC', '2019-2020'),
(61, '4MD', '2019-2020'),
(62, '4ME', '2019-2020'),
(63, '4TA', '2019-2020'),
(64, '5EA', '2019-2020'),
(65, '5EB', '2019-2020'),
(66, '5EC', '2019-2020'),
(67, '5ED', '2019-2020'),
(68, '5IA', '2019-2020'),
(69, '5IB', '2019-2020'),
(70, '5IC', '2019-2020'),
(71, '5ID', '2019-2020'),
(72, '5IE', '2019-2020'),
(73, '5MA', '2019-2020'),
(74, '5MB', '2019-2020'),
(75, '5MC', '2019-2020'),
(76, '5MD', '2019-2020'),
(77, '5ME', '2019-2020'),
(78, '5TA', '2019-2020'),
(79, '1AS', '2019-2020'),
(80, '2AS', '2019-2020'),
(81, '3EAS', '2019-2020'),
(82, '3IAS', '2019-2020'),
(83, '3MAS', '2019-2020'),
(84, '4EAS', '2019-2020'),
(85, '4IAS', '2019-2020'),
(86, '4MAS', '2019-2020'),
(87, '5EAS', '2019-2020'),
(88, '5IAS', '2019-2020'),
(89, '5MAS', '2019-2020');

-- --------------------------------------------------------

--
-- Struttura della tabella `users`
--

CREATE TABLE `users` (
  `id` int(11) NOT NULL,
  `name` varchar(100) NOT NULL
) ENGINE=InnoDB DEFAULT CHARSET=latin1;

--
-- Dump dei dati per la tabella `users`
--

INSERT INTO `users` (`id`, `name`) VALUES
(1, 'Cristian'),
(2, 'Adriano'),
(3, 'Alessandro'),
(4, 'Davide'),
(5, 'Riccardo');

--
-- Indici per le tabelle scaricate
--

--
-- Indici per le tabelle `books`
--
ALTER TABLE `books`
  ADD PRIMARY KEY (`id`);

--
-- Indici per le tabelle `book_school_class`
--
ALTER TABLE `book_school_class`
  ADD PRIMARY KEY (`school_class_id`,`book_id`);

--
-- Indici per le tabelle `offers`
--
ALTER TABLE `offers`
  ADD PRIMARY KEY (`id`);

--
-- Indici per le tabelle `school_classes`
--
ALTER TABLE `school_classes`
  ADD PRIMARY KEY (`id`);

--
-- Indici per le tabelle `users`
--
ALTER TABLE `users`
  ADD PRIMARY KEY (`id`);

--
-- AUTO_INCREMENT per le tabelle scaricate
--

--
-- AUTO_INCREMENT per la tabella `books`
--
ALTER TABLE `books`
  MODIFY `id` int(11) NOT NULL AUTO_INCREMENT, AUTO_INCREMENT=86;

--
-- AUTO_INCREMENT per la tabella `offers`
--
ALTER TABLE `offers`
  MODIFY `id` int(11) NOT NULL AUTO_INCREMENT, AUTO_INCREMENT=11;

--
-- AUTO_INCREMENT per la tabella `school_classes`
--
ALTER TABLE `school_classes`
  MODIFY `id` int(11) NOT NULL AUTO_INCREMENT, AUTO_INCREMENT=90;

--
-- AUTO_INCREMENT per la tabella `users`
--
ALTER TABLE `users`
  MODIFY `id` int(11) NOT NULL AUTO_INCREMENT, AUTO_INCREMENT=6;
COMMIT;

/*!40101 SET CHARACTER_SET_CLIENT=@OLD_CHARACTER_SET_CLIENT */;
/*!40101 SET CHARACTER_SET_RESULTS=@OLD_CHARACTER_SET_RESULTS */;
/*!40101 SET COLLATION_CONNECTION=@OLD_COLLATION_CONNECTION */;
