-- phpMyAdmin SQL Dump
-- version 4.9.0.1
-- https://www.phpmyadmin.net/
--
-- Host: localhost:3306
-- Creato il: Giu 28, 2020 alle 00:28
-- Versione del server: 10.3.22-MariaDB-log
-- Versione PHP: 7.1.14

SET SQL_MODE = "NO_AUTO_VALUE_ON_ZERO";
SET AUTOCOMMIT = 0;
START TRANSACTION;
SET time_zone = "+00:00";


/*!40101 SET @OLD_CHARACTER_SET_CLIENT=@@CHARACTER_SET_CLIENT */;
/*!40101 SET @OLD_CHARACTER_SET_RESULTS=@@CHARACTER_SET_RESULTS */;
/*!40101 SET @OLD_COLLATION_CONNECTION=@@COLLATION_CONNECTION */;
/*!40101 SET NAMES utf8mb4 */;

--
-- Database: `riccar21_PALEObooks`
--

-- --------------------------------------------------------

--
-- Struttura della tabella `adoptions`
--

CREATE TABLE `adoptions` (
  `id` int(10) UNSIGNED NOT NULL,
  `book_id` int(10) UNSIGNED NOT NULL,
  `class_id` int(10) UNSIGNED NOT NULL,
  `subject_id` int(10) UNSIGNED NOT NULL,
  `must_buy` tinyint(1) DEFAULT NULL,
  `recommended` tinyint(1) DEFAULT NULL,
  `new_adoption` tinyint(1) DEFAULT NULL,
  `created_at` timestamp NULL DEFAULT NULL,
  `updated_at` timestamp NULL DEFAULT NULL
) ENGINE=InnoDB DEFAULT CHARSET=utf8;

--
-- Dump dei dati per la tabella `adoptions`
--

INSERT INTO `adoptions` (`id`, `book_id`, `class_id`, `subject_id`, `must_buy`, `recommended`, `new_adoption`, `created_at`, `updated_at`) VALUES
(1, 1, 64, 63, 1, 0, 1, NULL, NULL),
(2, 1, 65, 63, 1, 0, 1, NULL, NULL),
(3, 1, 66, 63, 1, 0, 1, NULL, NULL),
(4, 1, 67, 63, 1, 0, 1, NULL, NULL),
(5, 1, 68, 63, 1, 0, 1, NULL, NULL),
(6, 1, 69, 63, 1, 0, 1, NULL, NULL),
(7, 1, 70, 63, 1, 0, 1, NULL, NULL),
(8, 1, 71, 63, 1, 0, 1, NULL, NULL),
(9, 1, 72, 63, 1, 0, 1, NULL, NULL),
(10, 1, 73, 63, 1, 0, 1, NULL, NULL),
(11, 1, 74, 63, 1, 0, 1, NULL, NULL),
(12, 1, 75, 63, 1, 0, 1, NULL, NULL),
(13, 1, 76, 63, 1, 0, 1, NULL, NULL),
(14, 1, 77, 63, 1, 0, 1, NULL, NULL),
(15, 1, 78, 63, 1, 0, 1, NULL, NULL),
(16, 2, 56, 52, 0, 0, 0, NULL, NULL),
(17, 3, 1, 9, 1, 0, 0, NULL, NULL),
(18, 3, 2, 9, 1, 0, 0, NULL, NULL),
(19, 3, 3, 9, 1, 0, 0, NULL, NULL),
(20, 3, 4, 9, 1, 0, 0, NULL, NULL),
(21, 3, 5, 9, 1, 0, 0, NULL, NULL),
(22, 3, 6, 9, 1, 0, 0, NULL, NULL),
(23, 3, 7, 9, 1, 0, 0, NULL, NULL),
(24, 3, 8, 9, 1, 0, 0, NULL, NULL),
(25, 3, 9, 9, 1, 0, 0, NULL, NULL),
(26, 3, 10, 9, 1, 0, 0, NULL, NULL),
(27, 3, 11, 9, 1, 0, 0, NULL, NULL),
(28, 3, 12, 9, 1, 0, 0, NULL, NULL),
(29, 3, 13, 9, 1, 0, 0, NULL, NULL),
(30, 3, 14, 9, 1, 0, 0, NULL, NULL),
(31, 3, 15, 9, 1, 0, 0, NULL, NULL),
(32, 3, 16, 9, 1, 0, 0, NULL, NULL),
(33, 3, 17, 9, 1, 0, 0, NULL, NULL),
(34, 3, 18, 9, 1, 0, 0, NULL, NULL),
(35, 3, 19, 9, 1, 0, 0, NULL, NULL),
(36, 3, 20, 9, 1, 0, 0, NULL, NULL),
(37, 3, 21, 25, 0, 0, 0, NULL, NULL),
(38, 3, 22, 25, 0, 0, 0, NULL, NULL),
(39, 3, 23, 25, 0, 0, 0, NULL, NULL),
(40, 3, 24, 25, 0, 0, 0, NULL, NULL),
(41, 3, 25, 25, 0, 0, 0, NULL, NULL),
(42, 3, 26, 25, 0, 0, 0, NULL, NULL),
(43, 3, 27, 25, 0, 0, 0, NULL, NULL),
(44, 3, 28, 25, 0, 0, 0, NULL, NULL),
(45, 3, 29, 25, 0, 0, 0, NULL, NULL),
(46, 3, 30, 25, 0, 0, 0, NULL, NULL),
(47, 3, 31, 25, 0, 0, 0, NULL, NULL),
(48, 3, 32, 25, 0, 0, 0, NULL, NULL),
(49, 3, 33, 25, 0, 0, 0, NULL, NULL),
(50, 3, 34, 25, 0, 0, 0, NULL, NULL),
(51, 4, 1, 9, 1, 0, 0, NULL, NULL),
(52, 4, 2, 9, 1, 0, 0, NULL, NULL),
(53, 4, 3, 9, 1, 0, 0, NULL, NULL),
(54, 4, 4, 9, 1, 0, 0, NULL, NULL),
(55, 4, 5, 9, 1, 0, 0, NULL, NULL),
(56, 4, 6, 9, 1, 0, 0, NULL, NULL),
(57, 4, 7, 9, 1, 0, 0, NULL, NULL),
(58, 4, 8, 9, 1, 0, 0, NULL, NULL),
(59, 4, 9, 9, 1, 0, 0, NULL, NULL),
(60, 4, 10, 9, 1, 0, 0, NULL, NULL),
(61, 4, 11, 9, 1, 0, 0, NULL, NULL),
(62, 4, 12, 9, 1, 0, 0, NULL, NULL),
(63, 4, 13, 9, 1, 0, 0, NULL, NULL),
(64, 4, 14, 9, 1, 0, 0, NULL, NULL),
(65, 4, 15, 9, 1, 0, 0, NULL, NULL),
(66, 4, 16, 9, 1, 0, 0, NULL, NULL),
(67, 4, 17, 9, 1, 0, 0, NULL, NULL),
(68, 4, 18, 9, 1, 0, 0, NULL, NULL),
(69, 4, 19, 9, 1, 0, 0, NULL, NULL),
(70, 4, 20, 9, 1, 0, 0, NULL, NULL),
(71, 4, 21, 25, 0, 0, 0, NULL, NULL),
(72, 4, 22, 25, 0, 0, 0, NULL, NULL),
(73, 4, 23, 25, 0, 0, 0, NULL, NULL),
(74, 4, 24, 25, 0, 0, 0, NULL, NULL),
(75, 4, 25, 25, 0, 0, 0, NULL, NULL),
(76, 4, 26, 25, 0, 0, 0, NULL, NULL),
(77, 4, 27, 25, 0, 0, 0, NULL, NULL),
(78, 4, 28, 25, 0, 0, 0, NULL, NULL),
(79, 4, 29, 25, 0, 0, 0, NULL, NULL),
(80, 4, 30, 25, 0, 0, 0, NULL, NULL),
(81, 4, 31, 25, 0, 0, 0, NULL, NULL),
(82, 4, 32, 25, 0, 0, 0, NULL, NULL),
(83, 4, 33, 25, 0, 0, 0, NULL, NULL),
(84, 4, 34, 25, 0, 0, 0, NULL, NULL),
(85, 5, 64, 69, 0, 0, 0, NULL, NULL),
(86, 5, 65, 69, 0, 0, 0, NULL, NULL),
(87, 5, 66, 69, 0, 0, 0, NULL, NULL),
(88, 5, 67, 69, 0, 0, 0, NULL, NULL),
(89, 5, 68, 69, 0, 0, 0, NULL, NULL),
(90, 5, 69, 69, 0, 0, 0, NULL, NULL),
(91, 5, 70, 69, 0, 0, 0, NULL, NULL),
(92, 5, 71, 69, 0, 0, 0, NULL, NULL),
(93, 5, 72, 69, 0, 0, 0, NULL, NULL),
(94, 5, 73, 69, 0, 0, 0, NULL, NULL),
(95, 5, 74, 69, 0, 0, 0, NULL, NULL),
(96, 5, 75, 69, 0, 0, 0, NULL, NULL),
(97, 5, 76, 69, 0, 0, 0, NULL, NULL),
(98, 5, 77, 69, 0, 0, 0, NULL, NULL),
(99, 5, 78, 69, 0, 0, 0, NULL, NULL),
(100, 6, 48, 42, 1, 0, 0, NULL, NULL),
(101, 7, 80, 22, 0, 0, 0, NULL, NULL),
(102, 8, 48, 42, 1, 0, 0, NULL, NULL),
(103, 9, 69, 73, 1, 0, 0, NULL, NULL),
(104, 9, 70, 73, 1, 0, 0, NULL, NULL),
(105, 9, 71, 73, 1, 0, 0, NULL, NULL),
(106, 9, 72, 73, 1, 0, 0, NULL, NULL),
(107, 10, 1, 1, 1, 0, 0, NULL, NULL),
(108, 10, 2, 1, 1, 0, 0, NULL, NULL),
(109, 10, 3, 1, 1, 0, 0, NULL, NULL),
(110, 10, 4, 1, 1, 0, 0, NULL, NULL),
(111, 10, 5, 1, 1, 0, 0, NULL, NULL),
(112, 10, 6, 1, 1, 0, 0, NULL, NULL),
(113, 10, 7, 1, 1, 0, 0, NULL, NULL),
(114, 10, 8, 1, 1, 0, 0, NULL, NULL),
(115, 10, 9, 1, 1, 0, 0, NULL, NULL),
(116, 10, 10, 1, 1, 0, 0, NULL, NULL),
(117, 10, 11, 1, 1, 0, 0, NULL, NULL),
(118, 10, 12, 1, 1, 0, 0, NULL, NULL),
(119, 10, 13, 1, 1, 0, 0, NULL, NULL),
(120, 10, 14, 1, 1, 0, 0, NULL, NULL),
(121, 10, 15, 1, 1, 0, 0, NULL, NULL),
(122, 10, 16, 1, 1, 0, 0, NULL, NULL),
(123, 10, 17, 1, 1, 0, 0, NULL, NULL),
(124, 10, 18, 1, 1, 0, 0, NULL, NULL),
(125, 10, 19, 1, 1, 0, 0, NULL, NULL),
(126, 10, 20, 1, 1, 0, 0, NULL, NULL),
(127, 10, 21, 20, 0, 0, 0, NULL, NULL),
(128, 10, 22, 20, 0, 0, 0, NULL, NULL),
(129, 10, 23, 20, 0, 0, 0, NULL, NULL),
(130, 10, 24, 20, 0, 0, 0, NULL, NULL),
(131, 10, 25, 20, 0, 0, 0, NULL, NULL),
(132, 10, 26, 20, 0, 0, 0, NULL, NULL),
(133, 10, 27, 20, 0, 0, 0, NULL, NULL),
(134, 10, 28, 20, 0, 0, 0, NULL, NULL),
(135, 10, 29, 20, 0, 0, 0, NULL, NULL),
(136, 10, 30, 20, 0, 0, 0, NULL, NULL),
(137, 10, 31, 20, 0, 0, 0, NULL, NULL),
(138, 10, 32, 20, 0, 0, 0, NULL, NULL),
(139, 10, 33, 20, 0, 0, 0, NULL, NULL),
(140, 10, 34, 20, 0, 0, 0, NULL, NULL),
(141, 11, 48, 43, 1, 0, 0, NULL, NULL),
(142, 11, 63, 60, 0, 0, 0, NULL, NULL),
(143, 11, 78, 77, 0, 0, 0, NULL, NULL),
(144, 12, 1, 7, 1, 0, 1, NULL, NULL),
(145, 12, 2, 7, 1, 0, 1, NULL, NULL),
(146, 12, 3, 7, 1, 0, 1, NULL, NULL),
(147, 12, 4, 7, 1, 0, 1, NULL, NULL),
(148, 12, 5, 7, 1, 0, 1, NULL, NULL),
(149, 12, 6, 7, 1, 0, 1, NULL, NULL),
(150, 12, 7, 7, 1, 0, 1, NULL, NULL),
(151, 12, 8, 7, 1, 0, 1, NULL, NULL),
(152, 12, 9, 7, 1, 0, 1, NULL, NULL),
(153, 12, 10, 7, 1, 0, 1, NULL, NULL),
(154, 12, 11, 7, 1, 0, 1, NULL, NULL),
(155, 12, 12, 7, 1, 0, 1, NULL, NULL),
(156, 12, 13, 7, 1, 0, 1, NULL, NULL),
(157, 12, 14, 7, 1, 0, 1, NULL, NULL),
(158, 12, 15, 7, 1, 0, 1, NULL, NULL),
(159, 12, 16, 7, 1, 0, 1, NULL, NULL),
(160, 12, 17, 7, 1, 0, 1, NULL, NULL),
(161, 12, 18, 7, 1, 0, 1, NULL, NULL),
(162, 12, 19, 7, 1, 0, 1, NULL, NULL),
(163, 12, 20, 7, 1, 0, 1, NULL, NULL),
(164, 12, 79, 7, 1, 0, 1, NULL, NULL),
(165, 13, 39, 79, 1, 0, 0, NULL, NULL),
(166, 13, 40, 79, 1, 0, 0, NULL, NULL),
(167, 13, 41, 79, 1, 0, 0, NULL, NULL),
(168, 13, 42, 79, 1, 0, 0, NULL, NULL),
(169, 13, 54, 80, 0, 0, 0, NULL, NULL),
(170, 13, 55, 80, 0, 0, 0, NULL, NULL),
(171, 13, 56, 80, 0, 0, 0, NULL, NULL),
(172, 13, 57, 80, 0, 0, 0, NULL, NULL),
(173, 14, 21, 15, 1, 0, 0, NULL, NULL),
(174, 14, 22, 15, 1, 0, 0, NULL, NULL),
(175, 14, 23, 15, 1, 0, 0, NULL, NULL),
(176, 14, 24, 15, 1, 0, 0, NULL, NULL),
(177, 14, 25, 15, 1, 0, 0, NULL, NULL),
(178, 14, 26, 15, 1, 0, 0, NULL, NULL),
(179, 14, 27, 15, 1, 0, 0, NULL, NULL),
(180, 14, 28, 15, 1, 0, 0, NULL, NULL),
(181, 14, 29, 15, 1, 0, 0, NULL, NULL),
(182, 14, 30, 15, 1, 0, 0, NULL, NULL),
(183, 14, 31, 15, 1, 0, 0, NULL, NULL),
(184, 14, 32, 15, 1, 0, 0, NULL, NULL),
(185, 14, 33, 15, 1, 0, 0, NULL, NULL),
(186, 14, 34, 15, 1, 0, 0, NULL, NULL),
(187, 15, 1, 5, 1, 0, 0, NULL, NULL),
(188, 15, 2, 5, 1, 0, 0, NULL, NULL),
(189, 15, 3, 5, 1, 0, 0, NULL, NULL),
(190, 15, 4, 5, 1, 0, 0, NULL, NULL),
(191, 15, 5, 5, 1, 0, 0, NULL, NULL),
(192, 15, 6, 5, 1, 0, 0, NULL, NULL),
(193, 15, 7, 5, 1, 0, 0, NULL, NULL),
(194, 15, 8, 5, 1, 0, 0, NULL, NULL),
(195, 15, 9, 5, 1, 0, 0, NULL, NULL),
(196, 15, 10, 5, 1, 0, 0, NULL, NULL),
(197, 15, 11, 5, 1, 0, 0, NULL, NULL),
(198, 15, 12, 5, 1, 0, 0, NULL, NULL),
(199, 15, 13, 5, 1, 0, 0, NULL, NULL),
(200, 15, 14, 5, 1, 0, 0, NULL, NULL),
(201, 15, 15, 5, 1, 0, 0, NULL, NULL),
(202, 15, 16, 5, 1, 0, 0, NULL, NULL),
(203, 15, 17, 5, 1, 0, 0, NULL, NULL),
(204, 15, 18, 5, 1, 0, 0, NULL, NULL),
(205, 15, 19, 5, 1, 0, 0, NULL, NULL),
(206, 15, 20, 5, 1, 0, 0, NULL, NULL),
(207, 16, 35, 27, 1, 0, 1, NULL, NULL),
(208, 16, 36, 27, 1, 0, 1, NULL, NULL),
(209, 16, 37, 27, 1, 0, 1, NULL, NULL),
(210, 16, 38, 27, 1, 0, 1, NULL, NULL),
(211, 16, 39, 27, 1, 0, 1, NULL, NULL),
(212, 16, 40, 27, 1, 0, 1, NULL, NULL),
(213, 16, 41, 27, 1, 0, 1, NULL, NULL),
(214, 16, 42, 27, 1, 0, 1, NULL, NULL),
(215, 16, 43, 27, 1, 0, 1, NULL, NULL),
(216, 16, 44, 27, 1, 0, 1, NULL, NULL),
(217, 16, 45, 27, 1, 0, 1, NULL, NULL),
(218, 16, 46, 27, 1, 0, 1, NULL, NULL),
(219, 16, 47, 27, 1, 0, 1, NULL, NULL),
(220, 16, 48, 27, 1, 0, 1, NULL, NULL),
(221, 17, 79, 1, 1, 0, 0, NULL, NULL),
(222, 17, 80, 20, 0, 0, 0, NULL, NULL),
(223, 18, 87, 62, 0, 0, 0, NULL, NULL),
(224, 19, 68, 73, 0, 0, 0, NULL, NULL),
(225, 20, 35, 26, 1, 0, 0, NULL, NULL),
(226, 20, 36, 26, 1, 0, 0, NULL, NULL),
(227, 20, 81, 26, 1, 0, 0, NULL, NULL),
(228, 21, 35, 30, 1, 0, 0, NULL, NULL),
(229, 21, 36, 30, 1, 0, 0, NULL, NULL),
(230, 21, 37, 30, 1, 0, 0, NULL, NULL),
(231, 22, 43, 41, 0, 0, 0, NULL, NULL),
(232, 22, 44, 41, 0, 0, 0, NULL, NULL),
(233, 22, 45, 41, 0, 0, 0, NULL, NULL),
(234, 22, 46, 41, 0, 0, 0, NULL, NULL),
(235, 22, 47, 41, 0, 0, 0, NULL, NULL),
(236, 23, 43, 40, 1, 0, 0, NULL, NULL),
(237, 23, 44, 40, 1, 0, 0, NULL, NULL),
(238, 23, 45, 40, 1, 0, 0, NULL, NULL),
(239, 23, 46, 40, 1, 0, 0, NULL, NULL),
(240, 23, 47, 40, 1, 0, 0, NULL, NULL),
(241, 23, 73, 76, 1, 0, 0, NULL, NULL),
(242, 23, 74, 76, 1, 0, 0, NULL, NULL),
(243, 23, 75, 76, 1, 0, 0, NULL, NULL),
(244, 23, 76, 76, 1, 0, 0, NULL, NULL),
(245, 23, 77, 76, 1, 0, 0, NULL, NULL),
(246, 23, 83, 40, 0, 0, 0, NULL, NULL),
(247, 24, 35, 32, 1, 0, 0, NULL, NULL),
(248, 24, 36, 32, 1, 0, 0, NULL, NULL),
(249, 24, 81, 32, 0, 0, 0, NULL, NULL),
(250, 25, 83, 39, 0, 0, 0, NULL, NULL),
(251, 26, 53, 55, 1, 0, 0, NULL, NULL),
(252, 26, 54, 55, 1, 0, 0, NULL, NULL),
(253, 26, 55, 55, 1, 0, 0, NULL, NULL),
(254, 26, 56, 55, 1, 0, 0, NULL, NULL),
(255, 26, 57, 55, 1, 0, 0, NULL, NULL),
(256, 27, 58, 59, 1, 0, 0, NULL, NULL),
(257, 27, 59, 59, 1, 0, 0, NULL, NULL),
(258, 27, 60, 59, 1, 0, 0, NULL, NULL),
(259, 27, 61, 59, 1, 0, 0, NULL, NULL),
(260, 27, 62, 59, 1, 0, 0, NULL, NULL),
(261, 27, 86, 59, 1, 0, 0, NULL, NULL),
(262, 28, 53, 54, 1, 0, 0, NULL, NULL),
(263, 28, 54, 54, 1, 0, 0, NULL, NULL),
(264, 28, 55, 54, 1, 0, 0, NULL, NULL),
(265, 28, 56, 54, 1, 0, 0, NULL, NULL),
(266, 28, 57, 54, 1, 0, 0, NULL, NULL),
(267, 29, 21, 18, 1, 0, 0, NULL, NULL),
(268, 29, 22, 18, 1, 0, 0, NULL, NULL),
(269, 29, 23, 18, 1, 0, 0, NULL, NULL),
(270, 29, 24, 18, 1, 0, 0, NULL, NULL),
(271, 29, 25, 18, 1, 0, 0, NULL, NULL),
(272, 29, 26, 18, 1, 0, 0, NULL, NULL),
(273, 29, 27, 18, 1, 0, 0, NULL, NULL),
(274, 29, 28, 18, 1, 0, 0, NULL, NULL),
(275, 29, 29, 18, 1, 0, 0, NULL, NULL),
(276, 29, 30, 18, 1, 0, 0, NULL, NULL),
(277, 29, 31, 18, 1, 0, 0, NULL, NULL),
(278, 29, 32, 18, 1, 0, 0, NULL, NULL),
(279, 29, 33, 18, 1, 0, 0, NULL, NULL),
(280, 29, 34, 18, 1, 0, 0, NULL, NULL),
(281, 30, 49, 49, 1, 0, 0, NULL, NULL),
(282, 30, 50, 49, 1, 0, 0, NULL, NULL),
(283, 30, 51, 49, 1, 0, 0, NULL, NULL),
(284, 30, 52, 49, 1, 0, 0, NULL, NULL),
(285, 31, 49, 45, 1, 0, 0, NULL, NULL),
(286, 31, 50, 45, 1, 0, 0, NULL, NULL),
(287, 31, 84, 45, 1, 0, 0, NULL, NULL),
(288, 32, 49, 51, 1, 0, 0, NULL, NULL),
(289, 32, 50, 51, 1, 0, 0, NULL, NULL),
(290, 32, 84, 51, 0, 0, 0, NULL, NULL),
(291, 33, 58, 58, 1, 0, 0, NULL, NULL),
(292, 33, 59, 58, 1, 0, 0, NULL, NULL),
(293, 33, 60, 58, 1, 0, 0, NULL, NULL),
(294, 33, 61, 58, 1, 0, 0, NULL, NULL),
(295, 33, 62, 58, 1, 0, 0, NULL, NULL),
(296, 34, 68, 72, 1, 0, 0, NULL, NULL),
(297, 34, 69, 72, 1, 0, 0, NULL, NULL),
(298, 34, 70, 72, 1, 0, 0, NULL, NULL),
(299, 34, 71, 72, 1, 0, 0, NULL, NULL),
(300, 34, 72, 72, 1, 0, 0, NULL, NULL),
(301, 35, 66, 66, 1, 0, 0, NULL, NULL),
(302, 35, 67, 66, 1, 0, 0, NULL, NULL),
(303, 36, 64, 66, 1, 0, 0, NULL, NULL),
(304, 36, 65, 66, 1, 0, 0, NULL, NULL),
(305, 37, 64, 62, 1, 0, 0, NULL, NULL),
(306, 37, 65, 62, 1, 0, 0, NULL, NULL),
(307, 38, 64, 68, 1, 0, 0, NULL, NULL),
(308, 38, 65, 68, 1, 0, 0, NULL, NULL),
(309, 38, 87, 68, 0, 0, 0, NULL, NULL),
(310, 39, 68, 71, 1, 0, 0, NULL, NULL),
(311, 39, 69, 71, 1, 0, 0, NULL, NULL),
(312, 39, 70, 71, 1, 0, 0, NULL, NULL),
(313, 39, 71, 71, 1, 0, 0, NULL, NULL),
(314, 39, 72, 71, 1, 0, 0, NULL, NULL),
(315, 40, 73, 75, 1, 0, 0, NULL, NULL),
(316, 40, 74, 75, 1, 0, 0, NULL, NULL),
(317, 40, 75, 75, 1, 0, 0, NULL, NULL),
(318, 40, 76, 75, 1, 0, 0, NULL, NULL),
(319, 40, 77, 75, 1, 0, 0, NULL, NULL),
(320, 41, 48, 44, 1, 0, 0, NULL, NULL),
(321, 41, 63, 61, 0, 0, 0, NULL, NULL),
(322, 42, 38, 36, 1, 0, 1, NULL, NULL),
(323, 42, 39, 36, 1, 0, 1, NULL, NULL),
(324, 42, 40, 36, 1, 0, 1, NULL, NULL),
(325, 42, 41, 36, 1, 0, 1, NULL, NULL),
(326, 42, 42, 36, 1, 0, 1, NULL, NULL),
(327, 43, 58, 46, 1, 0, 1, NULL, NULL),
(328, 43, 59, 46, 1, 0, 1, NULL, NULL),
(329, 43, 61, 46, 1, 0, 1, NULL, NULL),
(330, 43, 62, 46, 1, 0, 1, NULL, NULL),
(331, 43, 86, 46, 1, 0, 1, NULL, NULL),
(332, 43, 89, 63, 1, 0, 1, NULL, NULL),
(333, 44, 38, 35, 1, 0, 1, NULL, NULL),
(334, 44, 39, 35, 1, 0, 1, NULL, NULL),
(335, 44, 40, 35, 1, 0, 1, NULL, NULL),
(336, 44, 41, 35, 1, 0, 1, NULL, NULL),
(337, 44, 42, 35, 1, 0, 1, NULL, NULL),
(338, 45, 35, 31, 1, 0, 0, NULL, NULL),
(339, 45, 36, 31, 1, 0, 0, NULL, NULL),
(340, 45, 37, 31, 1, 0, 0, NULL, NULL),
(341, 45, 38, 31, 1, 0, 0, NULL, NULL),
(342, 45, 39, 31, 1, 0, 0, NULL, NULL),
(343, 45, 40, 31, 1, 0, 0, NULL, NULL),
(344, 45, 41, 31, 1, 0, 0, NULL, NULL),
(345, 45, 42, 31, 1, 0, 0, NULL, NULL),
(346, 45, 43, 31, 1, 0, 0, NULL, NULL),
(347, 45, 44, 31, 1, 0, 0, NULL, NULL),
(348, 45, 45, 31, 1, 0, 0, NULL, NULL),
(349, 45, 46, 31, 1, 0, 0, NULL, NULL),
(350, 45, 47, 31, 1, 0, 0, NULL, NULL),
(351, 45, 48, 31, 1, 0, 0, NULL, NULL),
(352, 45, 62, 50, 1, 0, 0, NULL, NULL),
(353, 46, 64, 67, 1, 0, 0, NULL, NULL),
(354, 46, 65, 67, 1, 0, 0, NULL, NULL),
(355, 46, 66, 67, 1, 0, 0, NULL, NULL),
(356, 46, 67, 67, 1, 0, 0, NULL, NULL),
(357, 46, 68, 67, 1, 0, 0, NULL, NULL),
(358, 46, 69, 67, 1, 0, 0, NULL, NULL),
(359, 46, 70, 67, 1, 0, 0, NULL, NULL),
(360, 46, 71, 67, 1, 0, 0, NULL, NULL),
(361, 46, 72, 67, 1, 0, 0, NULL, NULL),
(362, 46, 73, 67, 1, 0, 0, NULL, NULL),
(363, 46, 74, 67, 1, 0, 0, NULL, NULL),
(364, 46, 75, 67, 1, 0, 0, NULL, NULL),
(365, 46, 76, 67, 1, 0, 0, NULL, NULL),
(366, 46, 77, 67, 1, 0, 0, NULL, NULL),
(367, 46, 78, 67, 1, 0, 0, NULL, NULL),
(368, 47, 49, 50, 1, 0, 0, NULL, NULL),
(369, 47, 50, 50, 1, 0, 0, NULL, NULL),
(370, 47, 51, 50, 1, 0, 0, NULL, NULL),
(371, 47, 52, 50, 1, 0, 0, NULL, NULL),
(372, 47, 53, 50, 1, 0, 0, NULL, NULL),
(373, 47, 54, 50, 1, 0, 0, NULL, NULL),
(374, 47, 55, 50, 1, 0, 0, NULL, NULL),
(375, 47, 56, 50, 1, 0, 0, NULL, NULL),
(376, 47, 57, 50, 1, 0, 0, NULL, NULL),
(377, 47, 58, 50, 1, 0, 0, NULL, NULL),
(378, 47, 59, 50, 1, 0, 0, NULL, NULL),
(379, 47, 60, 50, 1, 0, 0, NULL, NULL),
(380, 47, 61, 50, 1, 0, 0, NULL, NULL),
(381, 47, 63, 50, 1, 0, 0, NULL, NULL),
(382, 48, 80, 21, 0, 0, 0, NULL, NULL),
(383, 50, 49, 52, 0, 0, 0, NULL, NULL),
(384, 50, 50, 52, 0, 0, 0, NULL, NULL),
(385, 50, 51, 52, 0, 0, 0, NULL, NULL),
(386, 50, 52, 52, 0, 0, 0, NULL, NULL),
(387, 50, 53, 52, 0, 0, 0, NULL, NULL),
(388, 50, 54, 52, 0, 0, 0, NULL, NULL),
(389, 50, 55, 52, 0, 0, 0, NULL, NULL),
(390, 50, 56, 52, 0, 0, 0, NULL, NULL),
(391, 50, 57, 52, 0, 0, 0, NULL, NULL),
(392, 50, 58, 52, 0, 0, 0, NULL, NULL),
(393, 50, 59, 52, 0, 0, 0, NULL, NULL),
(394, 50, 60, 52, 0, 0, 0, NULL, NULL),
(395, 50, 61, 52, 0, 0, 0, NULL, NULL),
(396, 50, 62, 52, 0, 0, 0, NULL, NULL),
(397, 50, 63, 52, 0, 0, 0, NULL, NULL),
(398, 51, 1, 11, 0, 0, 0, NULL, NULL),
(399, 51, 2, 11, 0, 0, 0, NULL, NULL),
(400, 51, 3, 11, 0, 0, 0, NULL, NULL),
(401, 51, 4, 11, 0, 0, 0, NULL, NULL),
(402, 51, 5, 11, 0, 0, 0, NULL, NULL),
(403, 51, 6, 11, 0, 0, 0, NULL, NULL),
(404, 51, 7, 11, 0, 0, 0, NULL, NULL),
(405, 51, 8, 11, 0, 0, 0, NULL, NULL),
(406, 51, 9, 11, 0, 0, 0, NULL, NULL),
(407, 51, 10, 11, 0, 0, 0, NULL, NULL),
(408, 51, 11, 11, 0, 0, 0, NULL, NULL),
(409, 51, 12, 11, 0, 0, 0, NULL, NULL),
(410, 51, 13, 11, 0, 0, 0, NULL, NULL),
(411, 51, 14, 11, 0, 0, 0, NULL, NULL),
(412, 51, 15, 11, 0, 0, 0, NULL, NULL),
(413, 51, 16, 11, 0, 0, 0, NULL, NULL),
(414, 51, 17, 11, 0, 0, 0, NULL, NULL),
(415, 51, 18, 11, 0, 0, 0, NULL, NULL),
(416, 51, 19, 11, 0, 0, 0, NULL, NULL),
(417, 51, 20, 11, 0, 0, 0, NULL, NULL),
(418, 51, 21, 17, 1, 0, 0, NULL, NULL),
(419, 51, 22, 17, 1, 0, 0, NULL, NULL),
(420, 51, 23, 17, 1, 0, 0, NULL, NULL),
(421, 51, 24, 17, 1, 0, 0, NULL, NULL),
(422, 51, 25, 17, 1, 0, 0, NULL, NULL),
(423, 51, 26, 17, 1, 0, 0, NULL, NULL),
(424, 51, 27, 17, 1, 0, 0, NULL, NULL),
(425, 51, 28, 17, 1, 0, 0, NULL, NULL),
(426, 51, 29, 17, 1, 0, 0, NULL, NULL),
(427, 51, 30, 17, 1, 0, 0, NULL, NULL),
(428, 51, 31, 17, 1, 0, 0, NULL, NULL),
(429, 51, 32, 17, 1, 0, 0, NULL, NULL),
(430, 51, 33, 17, 1, 0, 0, NULL, NULL),
(431, 51, 34, 17, 1, 0, 0, NULL, NULL),
(432, 51, 35, 33, 0, 0, 0, NULL, NULL),
(433, 51, 36, 33, 0, 0, 0, NULL, NULL),
(434, 51, 37, 33, 0, 0, 0, NULL, NULL),
(435, 51, 38, 33, 0, 0, 0, NULL, NULL),
(436, 51, 39, 33, 0, 0, 0, NULL, NULL),
(437, 51, 40, 33, 0, 0, 0, NULL, NULL),
(438, 51, 41, 33, 0, 0, 0, NULL, NULL),
(439, 51, 42, 33, 0, 0, 0, NULL, NULL),
(440, 51, 43, 33, 0, 0, 0, NULL, NULL),
(441, 51, 44, 33, 0, 0, 0, NULL, NULL),
(442, 51, 45, 33, 0, 0, 0, NULL, NULL),
(443, 51, 46, 33, 0, 0, 0, NULL, NULL),
(444, 51, 47, 33, 0, 0, 0, NULL, NULL),
(445, 51, 48, 33, 0, 0, 0, NULL, NULL),
(446, 52, 43, 39, 1, 0, 1, NULL, NULL),
(447, 52, 44, 39, 1, 0, 1, NULL, NULL),
(448, 52, 45, 39, 1, 0, 1, NULL, NULL),
(449, 52, 46, 39, 1, 0, 1, NULL, NULL),
(450, 52, 47, 39, 1, 0, 1, NULL, NULL),
(451, 53, 1, 12, 0, 0, 0, NULL, NULL),
(452, 53, 2, 12, 0, 0, 0, NULL, NULL),
(453, 53, 3, 12, 0, 0, 0, NULL, NULL),
(454, 53, 4, 12, 0, 0, 0, NULL, NULL),
(455, 53, 5, 12, 0, 0, 0, NULL, NULL),
(456, 53, 6, 12, 0, 0, 0, NULL, NULL),
(457, 53, 7, 12, 0, 0, 0, NULL, NULL),
(458, 53, 8, 12, 0, 0, 0, NULL, NULL),
(459, 53, 9, 12, 0, 0, 0, NULL, NULL),
(460, 53, 10, 12, 0, 0, 0, NULL, NULL),
(461, 53, 11, 12, 0, 0, 0, NULL, NULL),
(462, 53, 12, 12, 0, 0, 0, NULL, NULL),
(463, 53, 13, 12, 0, 0, 0, NULL, NULL),
(464, 53, 14, 12, 0, 0, 0, NULL, NULL),
(465, 53, 15, 12, 0, 0, 0, NULL, NULL),
(466, 53, 16, 12, 0, 0, 0, NULL, NULL),
(467, 53, 17, 12, 0, 0, 0, NULL, NULL),
(468, 53, 18, 12, 0, 0, 0, NULL, NULL),
(469, 53, 19, 12, 0, 0, 0, NULL, NULL),
(470, 53, 20, 12, 0, 0, 0, NULL, NULL),
(471, 53, 21, 24, 0, 0, 0, NULL, NULL),
(472, 53, 22, 24, 0, 0, 0, NULL, NULL),
(473, 53, 23, 24, 0, 0, 0, NULL, NULL),
(474, 53, 24, 24, 0, 0, 0, NULL, NULL),
(475, 53, 25, 24, 0, 0, 0, NULL, NULL),
(476, 53, 26, 24, 0, 0, 0, NULL, NULL),
(477, 53, 27, 24, 0, 0, 0, NULL, NULL),
(478, 53, 28, 24, 0, 0, 0, NULL, NULL),
(479, 53, 29, 24, 0, 0, 0, NULL, NULL),
(480, 53, 30, 24, 0, 0, 0, NULL, NULL),
(481, 53, 31, 24, 0, 0, 0, NULL, NULL),
(482, 53, 32, 24, 0, 0, 0, NULL, NULL),
(483, 53, 33, 24, 0, 0, 0, NULL, NULL),
(484, 53, 34, 24, 0, 0, 0, NULL, NULL),
(485, 53, 35, 34, 0, 0, 0, NULL, NULL),
(486, 53, 36, 34, 0, 0, 0, NULL, NULL),
(487, 53, 37, 34, 0, 0, 0, NULL, NULL),
(488, 53, 38, 34, 0, 0, 0, NULL, NULL),
(489, 53, 39, 34, 0, 0, 0, NULL, NULL),
(490, 53, 40, 34, 0, 0, 0, NULL, NULL),
(491, 53, 41, 34, 0, 0, 0, NULL, NULL),
(492, 53, 42, 34, 0, 0, 0, NULL, NULL),
(493, 53, 43, 34, 0, 0, 0, NULL, NULL),
(494, 53, 44, 34, 0, 0, 0, NULL, NULL),
(495, 53, 45, 34, 0, 0, 0, NULL, NULL),
(496, 53, 46, 34, 0, 0, 0, NULL, NULL),
(497, 53, 47, 34, 0, 0, 0, NULL, NULL),
(498, 53, 48, 34, 0, 0, 0, NULL, NULL),
(499, 53, 49, 53, 0, 0, 0, NULL, NULL),
(500, 53, 50, 53, 0, 0, 0, NULL, NULL),
(501, 53, 51, 53, 0, 0, 0, NULL, NULL),
(502, 53, 52, 53, 0, 0, 0, NULL, NULL),
(503, 53, 53, 53, 0, 0, 0, NULL, NULL),
(504, 53, 54, 53, 0, 0, 0, NULL, NULL),
(505, 53, 55, 53, 0, 0, 0, NULL, NULL),
(506, 53, 56, 53, 0, 0, 0, NULL, NULL),
(507, 53, 57, 53, 0, 0, 0, NULL, NULL),
(508, 53, 58, 53, 0, 0, 0, NULL, NULL),
(509, 53, 59, 53, 0, 0, 0, NULL, NULL),
(510, 53, 60, 53, 0, 0, 0, NULL, NULL),
(511, 53, 61, 53, 0, 0, 0, NULL, NULL),
(512, 53, 62, 53, 0, 0, 0, NULL, NULL),
(513, 53, 63, 53, 0, 0, 0, NULL, NULL),
(514, 53, 64, 70, 0, 0, 0, NULL, NULL),
(515, 53, 65, 70, 0, 0, 0, NULL, NULL),
(516, 53, 66, 70, 0, 0, 0, NULL, NULL),
(517, 53, 67, 70, 0, 0, 0, NULL, NULL),
(518, 53, 68, 70, 0, 0, 0, NULL, NULL),
(519, 53, 69, 70, 0, 0, 0, NULL, NULL),
(520, 53, 70, 70, 0, 0, 0, NULL, NULL),
(521, 53, 71, 70, 0, 0, 0, NULL, NULL),
(522, 53, 72, 70, 0, 0, 0, NULL, NULL),
(523, 53, 73, 70, 0, 0, 0, NULL, NULL),
(524, 53, 74, 70, 0, 0, 0, NULL, NULL),
(525, 53, 75, 70, 0, 0, 0, NULL, NULL),
(526, 53, 76, 70, 0, 0, 0, NULL, NULL),
(527, 53, 77, 70, 0, 0, 0, NULL, NULL),
(528, 53, 78, 70, 0, 0, 0, NULL, NULL),
(529, 54, 81, 30, 0, 0, 0, NULL, NULL),
(530, 55, 84, 49, 0, 0, 0, NULL, NULL),
(531, 56, 87, 66, 0, 0, 0, NULL, NULL),
(532, 57, 79, 5, 1, 0, 0, NULL, NULL),
(533, 57, 80, 15, 0, 0, 0, NULL, NULL),
(534, 58, 1, 2, 1, 0, 0, NULL, NULL),
(535, 58, 2, 2, 1, 0, 0, NULL, NULL),
(536, 58, 3, 2, 1, 0, 0, NULL, NULL),
(537, 58, 4, 2, 1, 0, 0, NULL, NULL),
(538, 58, 5, 2, 1, 0, 0, NULL, NULL),
(539, 58, 6, 2, 1, 0, 0, NULL, NULL),
(540, 58, 7, 2, 1, 0, 0, NULL, NULL),
(541, 58, 8, 2, 1, 0, 0, NULL, NULL),
(542, 58, 9, 2, 1, 0, 0, NULL, NULL),
(543, 58, 10, 2, 1, 0, 0, NULL, NULL),
(544, 58, 11, 2, 1, 0, 0, NULL, NULL),
(545, 58, 12, 2, 1, 0, 0, NULL, NULL),
(546, 58, 13, 2, 1, 0, 0, NULL, NULL),
(547, 58, 14, 2, 1, 0, 0, NULL, NULL),
(548, 58, 15, 2, 1, 0, 0, NULL, NULL),
(549, 58, 16, 2, 1, 0, 0, NULL, NULL),
(550, 58, 17, 2, 1, 0, 0, NULL, NULL),
(551, 58, 18, 2, 1, 0, 0, NULL, NULL),
(552, 58, 19, 2, 1, 0, 0, NULL, NULL),
(553, 58, 20, 2, 1, 0, 0, NULL, NULL),
(554, 58, 21, 21, 0, 0, 0, NULL, NULL),
(555, 58, 22, 21, 0, 0, 0, NULL, NULL),
(556, 58, 23, 21, 0, 0, 0, NULL, NULL),
(557, 58, 24, 21, 0, 0, 0, NULL, NULL),
(558, 58, 25, 21, 0, 0, 0, NULL, NULL),
(559, 58, 26, 21, 0, 0, 0, NULL, NULL),
(560, 58, 27, 21, 0, 0, 0, NULL, NULL),
(561, 58, 28, 21, 0, 0, 0, NULL, NULL),
(562, 58, 29, 21, 0, 0, 0, NULL, NULL),
(563, 58, 30, 21, 0, 0, 0, NULL, NULL),
(564, 58, 31, 21, 0, 0, 0, NULL, NULL),
(565, 58, 32, 21, 0, 0, 0, NULL, NULL),
(566, 58, 33, 21, 0, 0, 0, NULL, NULL),
(567, 58, 34, 21, 0, 0, 0, NULL, NULL),
(568, 59, 43, 43, 1, 0, 0, NULL, NULL),
(569, 59, 44, 43, 1, 0, 0, NULL, NULL),
(570, 59, 45, 43, 1, 0, 0, NULL, NULL),
(571, 59, 46, 43, 1, 0, 0, NULL, NULL),
(572, 59, 47, 43, 1, 0, 0, NULL, NULL),
(573, 60, 58, 60, 1, 0, 0, NULL, NULL),
(574, 60, 59, 60, 1, 0, 0, NULL, NULL),
(575, 60, 60, 60, 1, 0, 0, NULL, NULL),
(576, 60, 61, 60, 1, 0, 0, NULL, NULL),
(577, 61, 73, 77, 1, 0, 0, NULL, NULL),
(578, 61, 74, 77, 1, 0, 0, NULL, NULL),
(579, 61, 75, 77, 1, 0, 0, NULL, NULL),
(580, 61, 76, 77, 1, 0, 0, NULL, NULL),
(581, 61, 77, 77, 1, 0, 0, NULL, NULL),
(582, 62, 35, 28, 1, 0, 1, NULL, NULL),
(583, 62, 36, 28, 1, 0, 1, NULL, NULL),
(584, 62, 37, 28, 1, 0, 1, NULL, NULL),
(585, 62, 38, 28, 1, 0, 1, NULL, NULL),
(586, 62, 39, 28, 1, 0, 1, NULL, NULL),
(587, 62, 40, 28, 1, 0, 1, NULL, NULL),
(588, 62, 41, 28, 1, 0, 1, NULL, NULL),
(589, 62, 42, 28, 1, 0, 1, NULL, NULL),
(590, 62, 43, 28, 1, 0, 1, NULL, NULL),
(591, 62, 44, 28, 1, 0, 1, NULL, NULL),
(592, 62, 45, 28, 1, 0, 1, NULL, NULL),
(593, 62, 46, 28, 1, 0, 1, NULL, NULL),
(594, 62, 47, 28, 1, 0, 1, NULL, NULL),
(595, 62, 48, 28, 1, 0, 1, NULL, NULL),
(596, 62, 62, 47, 1, 0, 1, NULL, NULL),
(597, 63, 49, 47, 1, 0, 1, NULL, NULL),
(598, 63, 50, 47, 1, 0, 1, NULL, NULL),
(599, 63, 51, 47, 1, 0, 1, NULL, NULL),
(600, 63, 52, 47, 1, 0, 1, NULL, NULL),
(601, 63, 53, 47, 1, 0, 1, NULL, NULL),
(602, 63, 54, 47, 1, 0, 1, NULL, NULL),
(603, 63, 55, 47, 1, 0, 1, NULL, NULL),
(604, 63, 56, 47, 1, 0, 1, NULL, NULL),
(605, 63, 57, 47, 1, 0, 1, NULL, NULL),
(606, 63, 58, 47, 1, 0, 1, NULL, NULL),
(607, 63, 59, 47, 1, 0, 1, NULL, NULL),
(608, 63, 60, 47, 1, 0, 1, NULL, NULL),
(609, 63, 61, 47, 1, 0, 1, NULL, NULL),
(610, 63, 63, 47, 1, 0, 1, NULL, NULL),
(611, 64, 64, 64, 1, 0, 1, NULL, NULL),
(612, 64, 65, 64, 1, 0, 1, NULL, NULL),
(613, 64, 66, 64, 1, 0, 1, NULL, NULL),
(614, 64, 67, 64, 1, 0, 1, NULL, NULL),
(615, 64, 68, 64, 1, 0, 1, NULL, NULL),
(616, 64, 69, 64, 1, 0, 1, NULL, NULL),
(617, 64, 70, 64, 1, 0, 1, NULL, NULL),
(618, 64, 71, 64, 1, 0, 1, NULL, NULL),
(619, 64, 72, 64, 1, 0, 1, NULL, NULL),
(620, 64, 73, 64, 1, 0, 1, NULL, NULL),
(621, 64, 74, 64, 1, 0, 1, NULL, NULL),
(622, 64, 75, 64, 1, 0, 1, NULL, NULL),
(623, 64, 76, 64, 1, 0, 1, NULL, NULL),
(624, 64, 77, 64, 1, 0, 1, NULL, NULL),
(625, 64, 78, 64, 1, 0, 1, NULL, NULL),
(626, 65, 64, 64, 1, 0, 1, NULL, NULL),
(627, 65, 65, 64, 1, 0, 1, NULL, NULL),
(628, 65, 66, 64, 1, 0, 1, NULL, NULL),
(629, 65, 67, 64, 1, 0, 1, NULL, NULL),
(630, 65, 68, 64, 1, 0, 1, NULL, NULL),
(631, 65, 69, 64, 1, 0, 1, NULL, NULL),
(632, 65, 70, 64, 1, 0, 1, NULL, NULL),
(633, 65, 71, 64, 1, 0, 1, NULL, NULL),
(634, 65, 72, 64, 1, 0, 1, NULL, NULL),
(635, 65, 73, 64, 1, 0, 1, NULL, NULL),
(636, 65, 74, 64, 1, 0, 1, NULL, NULL),
(637, 65, 75, 64, 1, 0, 1, NULL, NULL),
(638, 65, 76, 64, 1, 0, 1, NULL, NULL),
(639, 65, 77, 64, 1, 0, 1, NULL, NULL),
(640, 65, 78, 64, 1, 0, 1, NULL, NULL),
(641, 66, 83, 43, 0, 0, 0, NULL, NULL),
(642, 67, 86, 60, 0, 0, 0, NULL, NULL),
(643, 68, 89, 77, 0, 0, 0, NULL, NULL),
(644, 69, 87, 67, 1, 0, 0, NULL, NULL),
(645, 69, 88, 67, 1, 0, 0, NULL, NULL),
(646, 69, 89, 67, 1, 0, 0, NULL, NULL),
(647, 70, 84, 50, 1, 0, 0, NULL, NULL),
(648, 70, 85, 50, 1, 0, 0, NULL, NULL),
(649, 70, 86, 50, 1, 0, 0, NULL, NULL),
(650, 71, 81, 31, 0, 0, 0, NULL, NULL),
(651, 71, 82, 31, 0, 0, 0, NULL, NULL),
(652, 71, 83, 31, 0, 0, 0, NULL, NULL),
(653, 72, 1, 8, 1, 0, 0, NULL, NULL),
(654, 72, 2, 8, 1, 0, 0, NULL, NULL),
(655, 72, 3, 8, 1, 0, 0, NULL, NULL),
(656, 72, 4, 8, 1, 0, 0, NULL, NULL),
(657, 72, 5, 8, 1, 0, 0, NULL, NULL),
(658, 72, 6, 8, 1, 0, 0, NULL, NULL),
(659, 72, 7, 8, 1, 0, 0, NULL, NULL),
(660, 72, 8, 8, 1, 0, 0, NULL, NULL),
(661, 72, 9, 8, 1, 0, 0, NULL, NULL),
(662, 72, 10, 8, 1, 0, 0, NULL, NULL),
(663, 72, 11, 8, 1, 0, 0, NULL, NULL),
(664, 72, 12, 8, 1, 0, 0, NULL, NULL),
(665, 72, 13, 8, 1, 0, 0, NULL, NULL),
(666, 72, 14, 8, 1, 0, 0, NULL, NULL),
(667, 72, 15, 8, 1, 0, 0, NULL, NULL),
(668, 72, 16, 8, 1, 0, 0, NULL, NULL),
(669, 72, 17, 8, 1, 0, 0, NULL, NULL),
(670, 72, 18, 8, 1, 0, 0, NULL, NULL),
(671, 72, 19, 8, 1, 0, 0, NULL, NULL),
(672, 72, 20, 8, 1, 0, 0, NULL, NULL),
(673, 73, 21, 19, 1, 0, 0, NULL, NULL),
(674, 73, 22, 19, 1, 0, 0, NULL, NULL),
(675, 73, 23, 19, 1, 0, 0, NULL, NULL),
(676, 73, 24, 19, 1, 0, 0, NULL, NULL),
(677, 73, 25, 19, 1, 0, 0, NULL, NULL),
(678, 73, 26, 19, 1, 0, 0, NULL, NULL),
(679, 73, 27, 19, 1, 0, 0, NULL, NULL),
(680, 73, 28, 19, 1, 0, 0, NULL, NULL),
(681, 73, 29, 19, 1, 0, 0, NULL, NULL),
(682, 73, 30, 19, 1, 0, 0, NULL, NULL),
(683, 73, 31, 19, 1, 0, 0, NULL, NULL),
(684, 73, 32, 19, 1, 0, 0, NULL, NULL),
(685, 73, 33, 19, 1, 0, 0, NULL, NULL),
(686, 73, 34, 19, 1, 0, 0, NULL, NULL),
(687, 74, 80, 19, 1, 0, 0, NULL, NULL),
(688, 75, 79, 5, 1, 0, 0, NULL, NULL),
(689, 75, 80, 15, 0, 0, 0, NULL, NULL),
(690, 76, 81, 28, 1, 0, 0, NULL, NULL),
(691, 76, 82, 28, 1, 0, 0, NULL, NULL),
(692, 76, 83, 28, 1, 0, 0, NULL, NULL),
(693, 77, 84, 47, 1, 0, 0, NULL, NULL),
(694, 77, 85, 47, 1, 0, 0, NULL, NULL),
(695, 77, 86, 47, 1, 0, 0, NULL, NULL),
(696, 78, 87, 64, 1, 0, 0, NULL, NULL),
(697, 78, 88, 64, 1, 0, 0, NULL, NULL),
(698, 78, 89, 64, 1, 0, 0, NULL, NULL),
(699, 79, 89, 76, 1, 0, 0, NULL, NULL),
(700, 80, 61, 81, 0, 0, 0, NULL, NULL),
(701, 81, 64, 63, 0, 0, 0, NULL, NULL),
(702, 81, 65, 63, 0, 0, 0, NULL, NULL),
(703, 81, 66, 63, 0, 0, 0, NULL, NULL),
(704, 81, 67, 63, 0, 0, 0, NULL, NULL),
(705, 82, 68, 63, 0, 0, 0, NULL, NULL),
(706, 82, 69, 63, 0, 0, 0, NULL, NULL),
(707, 82, 70, 63, 0, 0, 0, NULL, NULL),
(708, 82, 71, 63, 0, 0, 0, NULL, NULL),
(709, 82, 72, 63, 0, 0, 0, NULL, NULL),
(710, 83, 54, 46, 1, 0, 1, NULL, NULL),
(711, 83, 56, 46, 1, 0, 1, NULL, NULL),
(712, 83, 57, 46, 1, 0, 1, NULL, NULL),
(713, 84, 80, 16, 1, 0, 0, NULL, NULL),
(714, 85, 21, 16, 1, 0, 0, NULL, NULL),
(715, 85, 22, 16, 1, 0, 0, NULL, NULL),
(716, 85, 23, 16, 1, 0, 0, NULL, NULL),
(717, 85, 24, 16, 1, 0, 0, NULL, NULL),
(718, 85, 25, 16, 1, 0, 0, NULL, NULL),
(719, 85, 26, 16, 1, 0, 0, NULL, NULL),
(720, 85, 27, 16, 1, 0, 0, NULL, NULL),
(721, 85, 28, 16, 1, 0, 0, NULL, NULL),
(722, 85, 29, 16, 1, 0, 0, NULL, NULL),
(723, 85, 30, 16, 1, 0, 0, NULL, NULL),
(724, 85, 31, 16, 1, 0, 0, NULL, NULL),
(725, 85, 32, 16, 1, 0, 0, NULL, NULL),
(726, 85, 33, 16, 1, 0, 0, NULL, NULL),
(727, 85, 34, 16, 1, 0, 0, NULL, NULL),
(728, 86, 21, 16, 0, 0, 0, NULL, NULL),
(729, 86, 22, 16, 0, 0, 0, NULL, NULL),
(730, 86, 23, 16, 0, 0, 0, NULL, NULL),
(731, 86, 24, 16, 0, 0, 0, NULL, NULL),
(732, 86, 25, 16, 0, 0, 0, NULL, NULL),
(733, 86, 26, 16, 0, 0, 0, NULL, NULL),
(734, 86, 27, 16, 0, 0, 0, NULL, NULL),
(735, 86, 28, 16, 0, 0, 0, NULL, NULL),
(736, 86, 29, 16, 0, 0, 0, NULL, NULL),
(737, 86, 30, 16, 0, 0, 0, NULL, NULL),
(738, 86, 31, 16, 0, 0, 0, NULL, NULL),
(739, 86, 32, 16, 0, 0, 0, NULL, NULL),
(740, 86, 33, 16, 0, 0, 0, NULL, NULL),
(741, 86, 34, 16, 0, 0, 0, NULL, NULL),
(742, 87, 35, 29, 1, 0, 0, NULL, NULL),
(743, 87, 36, 29, 1, 0, 0, NULL, NULL),
(744, 87, 37, 29, 1, 0, 0, NULL, NULL),
(745, 87, 38, 29, 1, 0, 0, NULL, NULL),
(746, 87, 39, 29, 1, 0, 0, NULL, NULL),
(747, 87, 40, 29, 1, 0, 0, NULL, NULL),
(748, 87, 41, 29, 1, 0, 0, NULL, NULL),
(749, 87, 42, 29, 1, 0, 0, NULL, NULL),
(750, 87, 43, 29, 1, 0, 0, NULL, NULL),
(751, 87, 44, 29, 1, 0, 0, NULL, NULL),
(752, 87, 45, 29, 1, 0, 0, NULL, NULL),
(753, 87, 46, 29, 1, 0, 0, NULL, NULL),
(754, 87, 47, 29, 1, 0, 0, NULL, NULL),
(755, 87, 48, 29, 1, 0, 0, NULL, NULL),
(756, 87, 49, 48, 0, 0, 0, NULL, NULL),
(757, 87, 50, 48, 0, 0, 0, NULL, NULL),
(758, 87, 51, 48, 0, 0, 0, NULL, NULL),
(759, 87, 52, 48, 0, 0, 0, NULL, NULL),
(760, 87, 53, 48, 0, 0, 0, NULL, NULL),
(761, 87, 54, 48, 0, 0, 0, NULL, NULL),
(762, 87, 55, 48, 0, 0, 0, NULL, NULL),
(763, 87, 56, 48, 0, 0, 0, NULL, NULL),
(764, 87, 57, 48, 0, 0, 0, NULL, NULL),
(765, 87, 58, 48, 0, 0, 0, NULL, NULL),
(766, 87, 59, 48, 0, 0, 0, NULL, NULL),
(767, 87, 60, 48, 0, 0, 0, NULL, NULL),
(768, 87, 61, 48, 0, 0, 0, NULL, NULL),
(769, 87, 62, 48, 1, 0, 0, NULL, NULL),
(770, 87, 63, 48, 0, 0, 0, NULL, NULL),
(771, 87, 81, 29, 1, 0, 0, NULL, NULL),
(772, 87, 82, 29, 1, 0, 0, NULL, NULL),
(773, 87, 83, 29, 1, 0, 0, NULL, NULL),
(774, 88, 49, 48, 1, 0, 0, NULL, NULL),
(775, 88, 50, 48, 1, 0, 0, NULL, NULL),
(776, 88, 51, 48, 1, 0, 0, NULL, NULL),
(777, 88, 52, 48, 1, 0, 0, NULL, NULL),
(778, 88, 53, 48, 1, 0, 0, NULL, NULL),
(779, 88, 54, 48, 1, 0, 0, NULL, NULL),
(780, 88, 55, 48, 1, 0, 0, NULL, NULL),
(781, 88, 56, 48, 1, 0, 0, NULL, NULL),
(782, 88, 57, 48, 1, 0, 0, NULL, NULL),
(783, 88, 58, 48, 1, 0, 0, NULL, NULL),
(784, 88, 59, 48, 1, 0, 0, NULL, NULL),
(785, 88, 60, 48, 1, 0, 0, NULL, NULL),
(786, 88, 61, 48, 1, 0, 0, NULL, NULL),
(787, 88, 63, 48, 1, 0, 0, NULL, NULL),
(788, 88, 84, 48, 1, 0, 0, NULL, NULL),
(789, 88, 85, 48, 1, 0, 0, NULL, NULL),
(790, 88, 86, 48, 1, 0, 0, NULL, NULL),
(791, 89, 64, 65, 1, 0, 0, NULL, NULL),
(792, 89, 65, 65, 1, 0, 0, NULL, NULL),
(793, 89, 66, 65, 1, 0, 0, NULL, NULL),
(794, 89, 67, 65, 1, 0, 0, NULL, NULL),
(795, 89, 68, 65, 1, 0, 0, NULL, NULL),
(796, 89, 69, 65, 1, 0, 0, NULL, NULL),
(797, 89, 70, 65, 1, 0, 0, NULL, NULL),
(798, 89, 71, 65, 1, 0, 0, NULL, NULL),
(799, 89, 72, 65, 1, 0, 0, NULL, NULL),
(800, 89, 73, 65, 0, 0, 0, NULL, NULL),
(801, 89, 74, 65, 1, 0, 0, NULL, NULL),
(802, 89, 75, 65, 1, 0, 0, NULL, NULL),
(803, 89, 76, 65, 1, 0, 0, NULL, NULL),
(804, 89, 77, 65, 1, 0, 0, NULL, NULL),
(805, 89, 78, 65, 1, 0, 0, NULL, NULL),
(806, 89, 87, 65, 1, 0, 0, NULL, NULL),
(807, 89, 88, 65, 1, 0, 0, NULL, NULL),
(808, 89, 89, 65, 1, 0, 0, NULL, NULL),
(809, 90, 1, 4, 1, 0, 0, NULL, NULL),
(810, 90, 2, 4, 1, 0, 0, NULL, NULL),
(811, 90, 3, 4, 1, 0, 0, NULL, NULL),
(812, 90, 4, 4, 1, 0, 0, NULL, NULL),
(813, 90, 5, 4, 1, 0, 0, NULL, NULL),
(814, 90, 6, 4, 1, 0, 0, NULL, NULL),
(815, 90, 7, 4, 1, 0, 0, NULL, NULL),
(816, 90, 8, 4, 1, 0, 0, NULL, NULL),
(817, 90, 9, 4, 1, 0, 0, NULL, NULL),
(818, 90, 10, 4, 1, 0, 0, NULL, NULL),
(819, 90, 11, 4, 1, 0, 0, NULL, NULL),
(820, 90, 12, 4, 1, 0, 0, NULL, NULL),
(821, 90, 13, 4, 1, 0, 0, NULL, NULL),
(822, 90, 14, 4, 1, 0, 0, NULL, NULL),
(823, 90, 15, 4, 1, 0, 0, NULL, NULL),
(824, 90, 16, 4, 1, 0, 0, NULL, NULL),
(825, 90, 17, 4, 1, 0, 0, NULL, NULL),
(826, 90, 18, 4, 1, 0, 0, NULL, NULL),
(827, 90, 19, 4, 1, 0, 0, NULL, NULL),
(828, 90, 20, 4, 1, 0, 0, NULL, NULL),
(829, 90, 21, 23, 0, 0, 0, NULL, NULL),
(830, 90, 22, 23, 0, 0, 0, NULL, NULL),
(831, 90, 23, 23, 0, 0, 0, NULL, NULL),
(832, 90, 24, 23, 0, 0, 0, NULL, NULL),
(833, 90, 25, 23, 0, 0, 0, NULL, NULL),
(834, 90, 26, 23, 0, 0, 0, NULL, NULL),
(835, 90, 27, 23, 0, 0, 0, NULL, NULL),
(836, 90, 28, 23, 0, 0, 0, NULL, NULL),
(837, 90, 29, 23, 0, 0, 0, NULL, NULL),
(838, 90, 30, 23, 0, 0, 0, NULL, NULL),
(839, 90, 31, 23, 0, 0, 0, NULL, NULL),
(840, 90, 32, 23, 0, 0, 0, NULL, NULL),
(841, 90, 33, 23, 0, 0, 0, NULL, NULL),
(842, 90, 34, 23, 0, 0, 0, NULL, NULL),
(843, 90, 35, 27, 0, 0, 0, NULL, NULL),
(844, 90, 36, 27, 0, 0, 0, NULL, NULL),
(845, 90, 37, 27, 0, 0, 0, NULL, NULL),
(846, 90, 38, 27, 0, 0, 0, NULL, NULL),
(847, 90, 39, 27, 0, 0, 0, NULL, NULL),
(848, 90, 40, 27, 0, 0, 0, NULL, NULL),
(849, 90, 41, 27, 0, 0, 0, NULL, NULL),
(850, 90, 42, 27, 0, 0, 0, NULL, NULL),
(851, 90, 43, 27, 0, 0, 0, NULL, NULL),
(852, 90, 44, 27, 0, 0, 0, NULL, NULL),
(853, 90, 45, 27, 0, 0, 0, NULL, NULL),
(854, 90, 46, 27, 0, 0, 0, NULL, NULL),
(855, 90, 47, 27, 0, 0, 0, NULL, NULL),
(856, 90, 48, 27, 0, 0, 0, NULL, NULL),
(857, 90, 62, 46, 0, 0, 0, NULL, NULL),
(858, 91, 1, 6, 1, 0, 1, NULL, NULL),
(859, 91, 2, 6, 1, 0, 1, NULL, NULL),
(860, 91, 3, 6, 1, 0, 1, NULL, NULL),
(861, 91, 4, 6, 1, 0, 1, NULL, NULL),
(862, 91, 5, 6, 1, 0, 1, NULL, NULL),
(863, 91, 6, 6, 1, 0, 1, NULL, NULL),
(864, 91, 7, 6, 1, 0, 1, NULL, NULL),
(865, 91, 8, 6, 1, 0, 1, NULL, NULL),
(866, 91, 9, 6, 1, 0, 1, NULL, NULL),
(867, 91, 10, 6, 1, 0, 1, NULL, NULL),
(868, 91, 11, 6, 1, 0, 1, NULL, NULL),
(869, 91, 12, 6, 1, 0, 1, NULL, NULL),
(870, 91, 13, 6, 1, 0, 1, NULL, NULL),
(871, 91, 14, 6, 1, 0, 1, NULL, NULL),
(872, 91, 15, 6, 1, 0, 1, NULL, NULL),
(873, 91, 16, 6, 1, 0, 1, NULL, NULL),
(874, 91, 17, 6, 1, 0, 1, NULL, NULL),
(875, 91, 18, 6, 1, 0, 1, NULL, NULL),
(876, 91, 19, 6, 1, 0, 1, NULL, NULL),
(877, 91, 20, 6, 1, 0, 1, NULL, NULL),
(878, 91, 79, 6, 1, 0, 1, NULL, NULL),
(879, 92, 1, 6, 1, 0, 1, NULL, NULL),
(880, 92, 2, 6, 1, 0, 1, NULL, NULL),
(881, 92, 3, 6, 1, 0, 1, NULL, NULL),
(882, 92, 4, 6, 1, 0, 1, NULL, NULL),
(883, 92, 5, 6, 1, 0, 1, NULL, NULL),
(884, 92, 6, 6, 1, 0, 1, NULL, NULL),
(885, 92, 7, 6, 1, 0, 1, NULL, NULL),
(886, 92, 8, 6, 1, 0, 1, NULL, NULL),
(887, 92, 9, 6, 1, 0, 1, NULL, NULL),
(888, 92, 10, 6, 1, 0, 1, NULL, NULL),
(889, 92, 11, 6, 1, 0, 1, NULL, NULL),
(890, 92, 12, 6, 1, 0, 1, NULL, NULL),
(891, 92, 13, 6, 1, 0, 1, NULL, NULL),
(892, 92, 14, 6, 1, 0, 1, NULL, NULL),
(893, 92, 15, 6, 1, 0, 1, NULL, NULL),
(894, 92, 16, 6, 1, 0, 1, NULL, NULL),
(895, 92, 17, 6, 1, 0, 1, NULL, NULL),
(896, 92, 18, 6, 1, 0, 1, NULL, NULL),
(897, 92, 19, 6, 1, 0, 1, NULL, NULL),
(898, 92, 20, 6, 1, 0, 1, NULL, NULL),
(899, 92, 79, 6, 1, 0, 1, NULL, NULL),
(900, 93, 21, 14, 1, 0, 0, NULL, NULL),
(901, 93, 22, 14, 1, 0, 0, NULL, NULL),
(902, 93, 23, 14, 1, 0, 0, NULL, NULL),
(903, 93, 24, 14, 1, 0, 0, NULL, NULL),
(904, 93, 25, 14, 1, 0, 0, NULL, NULL),
(905, 93, 26, 14, 1, 0, 0, NULL, NULL),
(906, 93, 27, 14, 1, 0, 0, NULL, NULL),
(907, 93, 28, 14, 1, 0, 0, NULL, NULL),
(908, 93, 29, 14, 1, 0, 0, NULL, NULL),
(909, 93, 30, 14, 1, 0, 0, NULL, NULL),
(910, 93, 31, 14, 1, 0, 0, NULL, NULL),
(911, 93, 32, 14, 1, 0, 0, NULL, NULL),
(912, 93, 33, 14, 1, 0, 0, NULL, NULL),
(913, 93, 34, 14, 1, 0, 0, NULL, NULL),
(914, 94, 86, 58, 0, 0, 0, NULL, NULL),
(915, 95, 89, 75, 0, 0, 0, NULL, NULL),
(916, 96, 49, 46, 0, 0, 0, NULL, NULL),
(917, 96, 50, 46, 0, 0, 0, NULL, NULL),
(918, 96, 51, 46, 0, 0, 0, NULL, NULL),
(919, 96, 52, 46, 1, 0, 0, NULL, NULL),
(920, 96, 53, 46, 0, 0, 0, NULL, NULL),
(921, 96, 54, 46, 0, 0, 0, NULL, NULL),
(922, 96, 55, 46, 0, 0, 0, NULL, NULL),
(923, 96, 56, 46, 0, 0, 0, NULL, NULL),
(924, 96, 57, 46, 0, 0, 0, NULL, NULL),
(925, 96, 58, 46, 0, 0, 0, NULL, NULL),
(926, 96, 59, 46, 0, 0, 0, NULL, NULL),
(927, 96, 60, 46, 0, 0, 0, NULL, NULL),
(928, 96, 61, 46, 0, 0, 0, NULL, NULL),
(929, 96, 63, 46, 0, 0, 0, NULL, NULL),
(930, 97, 60, 46, 0, 0, 0, NULL, NULL),
(931, 97, 73, 63, 0, 0, 0, NULL, NULL),
(932, 97, 74, 63, 0, 0, 0, NULL, NULL),
(933, 97, 75, 63, 0, 0, 0, NULL, NULL),
(934, 97, 76, 63, 0, 0, 0, NULL, NULL),
(935, 97, 77, 63, 0, 0, 0, NULL, NULL),
(936, 98, 1, 3, 1, 0, 0, NULL, NULL),
(937, 98, 2, 3, 1, 0, 0, NULL, NULL),
(938, 98, 3, 3, 1, 0, 0, NULL, NULL),
(939, 98, 4, 3, 1, 0, 0, NULL, NULL),
(940, 98, 5, 3, 1, 0, 0, NULL, NULL),
(941, 98, 6, 3, 1, 0, 0, NULL, NULL),
(942, 98, 7, 3, 1, 0, 0, NULL, NULL),
(943, 98, 8, 3, 1, 0, 0, NULL, NULL),
(944, 98, 9, 3, 1, 0, 0, NULL, NULL),
(945, 98, 10, 3, 1, 0, 0, NULL, NULL),
(946, 98, 11, 3, 1, 0, 0, NULL, NULL),
(947, 98, 12, 3, 1, 0, 0, NULL, NULL),
(948, 98, 13, 3, 1, 0, 0, NULL, NULL),
(949, 98, 14, 3, 1, 0, 0, NULL, NULL),
(950, 98, 15, 3, 1, 0, 0, NULL, NULL),
(951, 98, 16, 3, 1, 0, 0, NULL, NULL),
(952, 98, 17, 3, 1, 0, 0, NULL, NULL),
(953, 98, 18, 3, 1, 0, 0, NULL, NULL),
(954, 98, 19, 3, 1, 0, 0, NULL, NULL),
(955, 98, 20, 3, 1, 0, 0, NULL, NULL),
(956, 98, 21, 22, 0, 0, 0, NULL, NULL),
(957, 98, 22, 22, 0, 0, 0, NULL, NULL),
(958, 98, 23, 22, 0, 0, 0, NULL, NULL),
(959, 98, 24, 22, 0, 0, 0, NULL, NULL),
(960, 98, 25, 22, 0, 0, 0, NULL, NULL),
(961, 98, 26, 22, 0, 0, 0, NULL, NULL),
(962, 98, 27, 22, 0, 0, 0, NULL, NULL),
(963, 98, 28, 22, 0, 0, 0, NULL, NULL),
(964, 98, 29, 22, 0, 0, 0, NULL, NULL),
(965, 98, 30, 22, 0, 0, 0, NULL, NULL),
(966, 98, 31, 22, 0, 0, 0, NULL, NULL),
(967, 98, 32, 22, 0, 0, 0, NULL, NULL),
(968, 98, 33, 22, 0, 0, 0, NULL, NULL),
(969, 98, 34, 22, 0, 0, 0, NULL, NULL),
(970, 98, 79, 3, 1, 0, 0, NULL, NULL),
(971, 99, 1, 10, 1, 0, 0, NULL, NULL),
(972, 99, 2, 10, 1, 0, 0, NULL, NULL),
(973, 99, 3, 10, 1, 0, 0, NULL, NULL),
(974, 99, 4, 10, 1, 0, 0, NULL, NULL),
(975, 99, 5, 10, 1, 0, 0, NULL, NULL),
(976, 99, 6, 10, 1, 0, 0, NULL, NULL),
(977, 99, 7, 10, 1, 0, 0, NULL, NULL),
(978, 99, 8, 10, 1, 0, 0, NULL, NULL),
(979, 99, 9, 10, 1, 0, 0, NULL, NULL),
(980, 99, 10, 10, 1, 0, 0, NULL, NULL),
(981, 99, 11, 10, 1, 0, 0, NULL, NULL),
(982, 99, 12, 10, 1, 0, 0, NULL, NULL),
(983, 99, 13, 10, 1, 0, 0, NULL, NULL),
(984, 99, 14, 10, 1, 0, 0, NULL, NULL),
(985, 99, 15, 10, 1, 0, 0, NULL, NULL),
(986, 99, 16, 10, 1, 0, 0, NULL, NULL),
(987, 99, 17, 10, 1, 0, 0, NULL, NULL),
(988, 99, 18, 10, 1, 0, 0, NULL, NULL),
(989, 99, 19, 10, 1, 0, 0, NULL, NULL),
(990, 99, 20, 10, 1, 0, 0, NULL, NULL),
(991, 99, 79, 10, 1, 0, 0, NULL, NULL),
(992, 100, 21, 13, 1, 0, 0, NULL, NULL),
(993, 100, 22, 13, 1, 0, 0, NULL, NULL),
(994, 100, 23, 13, 1, 0, 0, NULL, NULL),
(995, 100, 24, 13, 1, 0, 0, NULL, NULL),
(996, 100, 25, 13, 1, 0, 0, NULL, NULL),
(997, 100, 26, 13, 1, 0, 0, NULL, NULL),
(998, 100, 27, 13, 1, 0, 0, NULL, NULL),
(999, 100, 28, 13, 1, 0, 0, NULL, NULL),
(1000, 100, 29, 13, 1, 0, 0, NULL, NULL),
(1001, 100, 30, 13, 1, 0, 0, NULL, NULL),
(1002, 100, 31, 13, 1, 0, 0, NULL, NULL),
(1003, 100, 32, 13, 1, 0, 0, NULL, NULL),
(1004, 100, 33, 13, 1, 0, 0, NULL, NULL),
(1005, 100, 34, 13, 1, 0, 0, NULL, NULL),
(1006, 101, 1, 5, 1, 0, 0, NULL, NULL),
(1007, 101, 2, 5, 1, 0, 0, NULL, NULL),
(1008, 101, 3, 5, 1, 0, 0, NULL, NULL),
(1009, 101, 4, 5, 1, 0, 0, NULL, NULL),
(1010, 101, 5, 5, 1, 0, 0, NULL, NULL),
(1011, 101, 6, 5, 1, 0, 0, NULL, NULL),
(1012, 101, 7, 5, 1, 0, 0, NULL, NULL),
(1013, 101, 8, 5, 1, 0, 0, NULL, NULL),
(1014, 101, 9, 5, 1, 0, 0, NULL, NULL),
(1015, 101, 10, 5, 1, 0, 0, NULL, NULL),
(1016, 101, 11, 5, 1, 0, 0, NULL, NULL),
(1017, 101, 12, 5, 1, 0, 0, NULL, NULL),
(1018, 101, 13, 5, 1, 0, 0, NULL, NULL),
(1019, 101, 14, 5, 1, 0, 0, NULL, NULL),
(1020, 101, 15, 5, 1, 0, 0, NULL, NULL),
(1021, 101, 16, 5, 1, 0, 0, NULL, NULL),
(1022, 101, 17, 5, 1, 0, 0, NULL, NULL),
(1023, 101, 18, 5, 1, 0, 0, NULL, NULL),
(1024, 101, 19, 5, 1, 0, 0, NULL, NULL),
(1025, 101, 20, 5, 1, 0, 0, NULL, NULL),
(1026, 101, 21, 15, 0, 0, 0, NULL, NULL),
(1027, 101, 22, 15, 0, 0, 0, NULL, NULL),
(1028, 101, 23, 15, 0, 0, 0, NULL, NULL),
(1029, 101, 24, 15, 0, 0, 0, NULL, NULL),
(1030, 101, 25, 15, 0, 0, 0, NULL, NULL),
(1031, 101, 26, 15, 0, 0, 0, NULL, NULL),
(1032, 101, 27, 15, 0, 0, 0, NULL, NULL),
(1033, 101, 28, 15, 0, 0, 0, NULL, NULL),
(1034, 101, 29, 15, 0, 0, 0, NULL, NULL),
(1035, 101, 30, 15, 0, 0, 0, NULL, NULL),
(1036, 101, 31, 15, 0, 0, 0, NULL, NULL),
(1037, 101, 32, 15, 0, 0, 0, NULL, NULL),
(1038, 101, 33, 15, 0, 0, 0, NULL, NULL),
(1039, 101, 34, 15, 0, 0, 0, NULL, NULL),
(1040, 102, 79, 4, 1, 0, 0, NULL, NULL),
(1041, 102, 80, 23, 0, 0, 0, NULL, NULL),
(1042, 103, 87, 63, 1, 0, 0, NULL, NULL),
(1043, 103, 88, 63, 1, 0, 0, NULL, NULL),
(1044, 104, 21, 23, 0, 0, 0, NULL, NULL),
(1045, 104, 22, 23, 0, 0, 0, NULL, NULL),
(1046, 104, 23, 23, 0, 0, 0, NULL, NULL),
(1047, 104, 24, 23, 0, 0, 0, NULL, NULL),
(1048, 104, 25, 23, 0, 0, 0, NULL, NULL),
(1049, 104, 26, 23, 0, 0, 0, NULL, NULL),
(1050, 104, 27, 23, 0, 0, 0, NULL, NULL),
(1051, 104, 28, 23, 0, 0, 0, NULL, NULL),
(1052, 104, 29, 23, 0, 0, 0, NULL, NULL),
(1053, 104, 30, 23, 0, 0, 0, NULL, NULL),
(1054, 104, 31, 23, 0, 0, 0, NULL, NULL),
(1055, 104, 32, 23, 0, 0, 0, NULL, NULL),
(1056, 104, 33, 23, 0, 0, 0, NULL, NULL),
(1057, 104, 34, 23, 0, 0, 0, NULL, NULL),
(1058, 105, 81, 27, 0, 0, 0, NULL, NULL),
(1059, 105, 82, 27, 0, 0, 0, NULL, NULL),
(1060, 105, 83, 27, 0, 0, 0, NULL, NULL),
(1061, 105, 84, 46, 0, 0, 0, NULL, NULL),
(1062, 105, 85, 46, 0, 0, 0, NULL, NULL),
(1063, 106, 49, 46, 1, 0, 1, NULL, NULL),
(1064, 106, 50, 46, 1, 0, 1, NULL, NULL),
(1065, 106, 51, 46, 1, 0, 1, NULL, NULL),
(1066, 106, 52, 46, 1, 0, 1, NULL, NULL),
(1067, 107, 1, 4, 1, 0, 1, NULL, NULL),
(1068, 107, 2, 4, 1, 0, 1, NULL, NULL),
(1069, 107, 3, 4, 1, 0, 1, NULL, NULL),
(1070, 107, 4, 4, 1, 0, 1, NULL, NULL),
(1071, 107, 5, 4, 1, 0, 1, NULL, NULL),
(1072, 107, 6, 4, 1, 0, 1, NULL, NULL),
(1073, 107, 7, 4, 1, 0, 1, NULL, NULL),
(1074, 107, 8, 4, 1, 0, 1, NULL, NULL),
(1075, 107, 9, 4, 1, 0, 1, NULL, NULL),
(1076, 107, 10, 4, 1, 0, 1, NULL, NULL),
(1077, 107, 11, 4, 1, 0, 1, NULL, NULL),
(1078, 107, 12, 4, 1, 0, 1, NULL, NULL),
(1079, 107, 13, 4, 1, 0, 1, NULL, NULL),
(1080, 107, 14, 4, 1, 0, 1, NULL, NULL),
(1081, 107, 15, 4, 1, 0, 1, NULL, NULL),
(1082, 107, 16, 4, 1, 0, 1, NULL, NULL),
(1083, 107, 17, 4, 1, 0, 1, NULL, NULL),
(1084, 107, 18, 4, 1, 0, 1, NULL, NULL),
(1085, 107, 19, 4, 1, 0, 1, NULL, NULL),
(1086, 107, 20, 4, 1, 0, 1, NULL, NULL),
(1087, 108, 37, 26, 1, 0, 0, NULL, NULL),
(1088, 109, 51, 45, 1, 0, 0, NULL, NULL),
(1089, 109, 52, 45, 1, 0, 0, NULL, NULL),
(1090, 110, 66, 62, 1, 0, 0, NULL, NULL),
(1091, 110, 67, 62, 1, 0, 0, NULL, NULL),
(1092, 111, 38, 37, 1, 0, 0, NULL, NULL),
(1093, 111, 39, 37, 1, 0, 0, NULL, NULL),
(1094, 111, 40, 37, 1, 0, 0, NULL, NULL),
(1095, 111, 41, 37, 1, 0, 0, NULL, NULL),
(1096, 111, 42, 37, 1, 0, 0, NULL, NULL),
(1097, 111, 53, 56, 0, 0, 0, NULL, NULL),
(1098, 111, 54, 56, 0, 0, 0, NULL, NULL),
(1099, 111, 55, 56, 0, 0, 0, NULL, NULL),
(1100, 111, 56, 56, 0, 0, 0, NULL, NULL),
(1101, 111, 57, 56, 0, 0, 0, NULL, NULL),
(1102, 111, 82, 37, 1, 0, 0, NULL, NULL),
(1103, 112, 78, 78, 0, 0, 0, NULL, NULL),
(2048, 49, 37, 18, 1, 0, 0, NULL, NULL),
(2049, 49, 50, 18, 1, 0, 0, NULL, NULL);

-- --------------------------------------------------------

--
-- Struttura della tabella `books`
--

CREATE TABLE `books` (
  `id` int(11) NOT NULL,
  `title` varchar(255) NOT NULL,
  `isbn` varchar(13) NOT NULL,
  `price` decimal(4,2) NOT NULL,
  `authors` varchar(100) NOT NULL,
  `photo` varchar(100) DEFAULT NULL,
  `publisher` varchar(100) NOT NULL,
  `created_at` timestamp NULL DEFAULT NULL,
  `updated_at` timestamp NULL DEFAULT NULL
) ENGINE=InnoDB DEFAULT CHARSET=latin1;

--
-- Dump dei dati per la tabella `books`
--

INSERT INTO `books` (`id`, `title`, `isbn`, `price`, `authors`, `photo`, `publisher`, `created_at`, `updated_at`) VALUES
(1, 'Talent Level 3 Exams Toolkit [Lingua inglese]', '9781108454551', '6.40', 'Kilbey Liz, Cornford Annie', 'https://m.media-amazon.com/images/I/51ysOAj6YpL.jpg', 'Cambridge University Press', NULL, NULL),
(2, 'Tutti i colori della vita. Con fascicolo Ciotti: non lasciamoci rubare il futuro. Ediz. blu. Per le Scuole superiori. Con espansione online', '9788805070237', '19.70', 'Solinas Luigi', 'https://m.media-amazon.com/images/I/51Wkc9JS8bL.jpg', 'SEI', NULL, NULL),
(3, 'TTR. Tecnologie e tecniche di rappresentazione grafica. Disegno 1-Materiali misura sicurezza-schede di disegno 1. Per le Scuole superiori', '9788805073634', '13.20', 'Della Vecchia Sergio', 'https://m.media-amazon.com/images/I/51mF50EhZAL.jpg', 'SEI', NULL, NULL),
(4, 'TTR. Tecnologie e tecniche di rappresentazione grafica. Disegno 2-Schede di disegno 2. Per le Scuole superiori', '9788805073641', '14.20', 'Della Vecchia Sergio, Mura Giuseppe', 'https://m.media-amazon.com/images/I/51mBLw-QBfL.jpg', 'SEI', NULL, NULL),
(5, 'Le vie del mondo. Per le Scuole superiori. Con e-book', '9788805074389', '17.70', 'Solinas Luigi', 'https://m.media-amazon.com/images/I/51hocrzC1gL.jpg', 'SEI', NULL, NULL),
(6, 'Percorsi di chimica organica. Per le Scuole superiori. Con espansione online', '9788808063656', '19.50', 'De Maria Paolo', 'https://m.media-amazon.com/images/I/51JqBU7wTFL.jpg', 'Zanichelli', NULL, NULL),
(7, 'Fisica.verde. Per le Scuole superiori. Con Contenuto digitale (fornito elettronicamente)', '9788808120946', '34.70', 'Amaldi Ugo', 'https://m.media-amazon.com/images/I/51jx3kf3C7L.jpg', 'Zanichelli', NULL, NULL),
(8, 'Le basi della chimica analitica. Laboratorio. Per le Scuole superiori. Con espansione online', '9788808202871', '17.20', 'Rubino Carmine, Venzaghi Italo, Cozzi Renato', 'https://m.media-amazon.com/images/I/41kTVIqwmmL.jpg', 'Zanichelli', NULL, NULL),
(9, 'Corso di informatica. Per le Scuole superiori. Con espansione online: 3', '9788808245427', '32.00', 'Formichi Fiorenzo, Meini Giorgio, Venuti Ivan', 'https://m.media-amazon.com/images/I/51x8IbqyxJL.jpg', 'Zanichelli', NULL, NULL),
(10, 'Chimica: molecole in movimento. Volume unico. Per le Scuole superiori  . Con Contenuto digitale (fornito elettronicamente)', '9788808269409', '34.60', 'Valitutti Giuseppe, Falasca Marco, Amadio Patrizia', 'https://m.media-amazon.com/images/I/51v3Zrlt5bL.jpg', 'Zanichelli', NULL, NULL),
(11, 'Il tempo del vestire. Storia del costume e della moda. Per le Scuole superiori. Con espansione online: 3', '9788808353467', '23.70', 'Di Iorio Raffaella, Benatti Scarpelli Luisa, Grana Ilia', 'https://m.media-amazon.com/images/I/51ezJ7m3kjL.jpg', 'Clitt', NULL, NULL),
(12, 'Terra, acqua, aria. Per le Scuole superiori. Con e-book. Con espansione online', '9788808520593', '20.00', 'Cavazzuti Cristina, Damiano Daniela', 'https://m.media-amazon.com/images/I/512XOYaPc4L.jpg', 'Zanichelli', NULL, NULL),
(13, 'Corso di informatica. Per le Scuole superiori. Con Contenuto digitale (fornito elettronicamente): 1', '9788808520937', '28.60', 'Formichi Fiorenzo, Meini Giorgio, Venuti Ivan', 'https://m.media-amazon.com/images/I/51dxyyRS0jL.jpg', 'Zanichelli', NULL, NULL),
(14, 'Un libro sogna. Poesia e teatro. Per le Scuole superiori. Con aggiornamento online', '9788808592095', '17.20', 'Perego Natale, Ghislanzoni Elisabetta', 'https://m.media-amazon.com/images/I/51Minwmso9L.jpg', 'Zanichelli', NULL, NULL),
(15, 'Un libro sogna. Narrativa. Per le Scuole superiori. Con aggiornamento online', '9788808721075', '23.40', 'Perego Natale, Ghislanzoni Elisabetta', 'https://m.media-amazon.com/images/I/510YIRk1L9L.jpg', 'Zanichelli', NULL, NULL),
(16, 'Performer B2 updated. Ready for First and INVALSI. Student\'s book-Workbook. Per le Scuole superiori. Con espansione online', '9788808812568', '36.00', 'Spiazzi Marina, Tavella Marina, Layton Margaret', 'https://m.media-amazon.com/images/I/51+AYzCU03L.jpg', 'Zanichelli', NULL, NULL),
(17, 'Scopriamo la chimica. Per le Scuole superiori. Con e-book. Con espansione online', '9788808821225', '15.80', 'Bagatti Franco, Corradi Elis, Desco Alessandro', 'https://m.media-amazon.com/images/I/51msjyMFkQL.jpg', 'Zanichelli', NULL, NULL),
(18, 'Corso di elettrotecnica ed elettronica. Per gli Ist. tecnici industriali. Con espansione online: 3', '9788820349981', '0.00', 'Conte Gaetano, Ceserani Matteo, Impallomeni Emanuele', 'https://m.media-amazon.com/images/I/51YbdzuMM6L.jpg', 'Hoepli', NULL, NULL),
(19, 'Gestione del progetto e organizzazione di impresa. Per gli Ist. tecnici. Con e-book. Con espansione online', '9788820361099', '21.50', 'Conte Maria, Camagni Paolo, Nikolassy Riccardo', 'https://m.media-amazon.com/images/I/51t9xIiCj+L.jpg', 'Hoepli', NULL, NULL),
(20, 'Corso di elettrotecnica ed elettronica. Per l\'articolazione elettrotecnica degli istituti tecnici settore tecnologico. Per le Scuole superiori. Con DVD', '9788820366261', '25.90', 'Conte Gaetano, Ceserani Matteo, Impallomeni Emanuele', 'https://m.media-amazon.com/images/I/51YDcOkoHiL.jpg', 'Hoepli', NULL, NULL),
(21, 'Corso di sistemi automatici. Nuova edizione openschool. Per le articolazioni elettrotecnica, elettronica e automazione degli Istituti Tecnici.. Con DVD: 1', '9788820366322', '25.90', 'Cerri Fabrizio, Ortolani Giuliano, Venturi Ezio', 'https://m.media-amazon.com/images/I/51hk5xCF3BL.jpg', 'Hoepli', NULL, NULL),
(22, 'Manuale di meccanica', '9788820366452', '71.90', '', 'https://m.media-amazon.com/images/I/51jtTqK8IlL.jpg', 'Hoepli', NULL, NULL),
(23, 'Corso di tecnologia meccanica. Ediz. openschool. Controlli, produzione dei materiali, processi di trasformazione, collegamenti. Per le Scuole superiori: 1', '9788820366506', '28.90', 'Di Gennaro Cataldo, Chiappetta Anna L., Chillemi Antonio', 'https://m.media-amazon.com/images/I/51d-g74p0uL.jpg', 'Hoepli', NULL, NULL),
(24, 'Tecnologie e progettazione di sistemi elettrici ed elettronici. Nuova edizione openschool. Per l\'articolazione elettronica degli Istituti Tecnici ... di Sistemi Elettrici ed Elettronici  - VOL.1', '9788820366643', '24.90', 'Aa.Vv', 'https://m.media-amazon.com/images/I/51GWXA59SeL.jpg', 'Hoepli', NULL, NULL),
(25, 'Sistemi e automazione. Ediz. openschool. Per gli Ist. tecnici industriali ad indirizzo meccanica, meccatronica ed energia. Con e-book. Con espansione online: 1', '9788820372255', '22.90', 'Bergamini Guido, Nasuti Piergiorgio', 'https://m.media-amazon.com/images/I/51jY8zx8QzL.jpg', 'Hoepli', NULL, NULL),
(26, 'Tecnologie e progettazione di sistemi informatici e di telecomunicazioni. Per gli Ist. tecnici industriali. Con e-book. Con espansione online: 2', '9788820372347', '22.90', 'Camagni Paolo, Nikolassy Riccardo', 'https://m.media-amazon.com/images/I/61tUkqvjewL.jpg', 'Hoepli', NULL, NULL),
(27, 'Corso di tecnologia meccanica. Ediz. openschool. Per gli Ist. tecnici industriali. Con e-book. Con espansione online: 2', '9788820372408', '25.90', 'Di Gennaro Cataldo, Chiappetta Anna L., Chillemi Antonino', 'https://m.media-amazon.com/images/I/51rA-dPuzvL.jpg', 'Hoepli', NULL, NULL),
(28, 'Sistemi e reti. Ediz. openschool. PEr gli Ist. tecnici industriali. Con e-book. Con espansione online: 2', '9788820372484', '21.90', 'Lo Russo Luigi, Bianchi Elena', 'https://m.media-amazon.com/images/I/51X3++UFSuL.jpg', 'Hoepli', NULL, NULL),
(29, 'Corso di scienze e tecnologie applicate. Ediz. openschool. Per gli Ist. tecnici settore tecnologico. Con e-book. Con espansione online', '9788820372729', '20.90', 'Caligaris Luigi, Fava Stefano, Tomasello Carlo, Cerri Fabrizio', 'https://m.media-amazon.com/images/I/51pdxkqH7RL.jpg', 'Hoepli', NULL, NULL),
(30, 'Corso di sistemi automatici. Ediz. openschool. Con e-book. Con espansione online. Per gli Ist. tecnici industriali: 2', '9788820372750', '25.90', 'Cerri Fabrizio, Ortolani Giuliano, Venturi Ezio', 'https://m.media-amazon.com/images/I/510TZHudiWL.jpg', 'Hoepli', NULL, NULL),
(31, 'Corso di elettrotecnica ed elettronica. Ediz. openschool. Per gli Ist. tecnici industriali. Con e-book. Con espansione online: 2', '9788820372767', '23.90', 'Conte Gaetano, Tomassini Danilo', 'https://m.media-amazon.com/images/I/51eSRdEF7yL.jpg', 'Hoepli', NULL, NULL),
(32, 'Tecnologie e progettazione di sistemi elettrici ed elettronici. Per gli Ist. tecnici industriali. Con e-book. Con espansione online: 2', '9788820372781', '25.90', 'Conte Gaetano, Conte Maria, Erbogasto Mirco, Ortolani Giuliano, Venturi Ezio', 'https://m.media-amazon.com/images/I/515ghxnltRL.jpg', 'Hoepli', NULL, NULL),
(33, 'Sistemi e automazione. Ediz. openschool. Per gli Ist. tecnici industriali. Con e-book. Con espansione online: 2', '9788820378349', '25.90', 'Bergamini Guido, Nasuti Piergiorgio', 'https://m.media-amazon.com/images/I/51PpQMHPAkL.jpg', 'Hoepli', NULL, NULL),
(34, 'Tecnologie e progettazione di sistemi informatici e di telecomunicazioni. Per gli Ist. tecnici industriali. Con e-book. Con espansione online: 3', '9788820378424', '23.90', 'Camagni Paolo, Nikolassy Riccardo', 'https://m.media-amazon.com/images/I/61cUetuvRXL.jpg', 'Hoepli', NULL, NULL),
(35, 'Corso di sistemi automatici. Per l\'articolazione automazione. Ediz. openschool gialla. Per gli Ist. tecnici settore tecnologico. Con e-book. Con espansione online: 3', '9788820378455', '26.90', 'Cerri Fabrizio, Ortolani Giuliano, Venturi Ezio', 'https://m.media-amazon.com/images/I/51DKhJeSf1L.jpg', 'Hoepli', NULL, NULL),
(36, 'Corso di sistemi automatici. Ediz. openschool. Per gli Ist. tecnici industriali. Con e-book. Con espansione online: 3', '9788820378462', '27.90', 'Cerri Fabrizio, Ortolani Giuliano, Venturi Ezio', 'https://m.media-amazon.com/images/I/51e3XZ5Fs9L.jpg', 'Hoepli', NULL, NULL),
(37, 'Corso di elettrotecnica ed elettronica. Ediz. openschool. Per gli Ist. tecnici industriali. Con e-book. Con espansione online: 3', '9788820378479', '25.90', 'Conte Gaetano', 'https://m.media-amazon.com/images/I/51fqPB45KFL.jpg', 'Hoepli', NULL, NULL),
(38, 'Tecnologie e progettazione di sistemi elettrici ed elettronici. Per gli Ist. tecnici industriali. Con e-book. Con espansione online: 3', '9788820378509', '25.90', 'Conte Gaetano, Conte Maria, Erbogasto Mirco', 'https://m.media-amazon.com/images/I/51BOJ7ZVrdL.jpg', 'Hoepli', NULL, NULL),
(39, 'Sitemi e reti. Ediz. openschool. Per gli Ist. tecnici industriali. Con e-book. Con espansione online: 3', '9788820378622', '22.90', 'Lo Russo Luigi, Bianchi Elena', 'https://m.media-amazon.com/images/I/51W4CFb02CL.jpg', 'Hoepli', NULL, NULL),
(40, 'Sistemi e automazione. Ediz. Openschool. Per l\'indirizzo Meccanica, meccatronica ed energia degli Ist. tecnici settore tecnologico. Con ebook. Con espansione online: 3', '9788820383268', '25.90', 'Bergamini Guido', 'https://m.media-amazon.com/images/I/51qvVNyWmwL.jpg', 'Hoepli', NULL, NULL),
(41, 'Economia, marketing & distribuzione. Ediz. blu: moda. Per gli Ist. tecnici e professionali. Con ebook. Con espansione online', '9788820383299', '0.00', '', 'https://m.media-amazon.com/images/I/51d3cnhjvJL.jpg', '', NULL, NULL),
(42, 'Nuovo tecnologie e progettazione di sistemi informatici e di telecomunicazioni. Per l\'articolazione informatica degli istituti tecnici settore ... Con e-book. Con espansione online: 1', '9788820388584', '22.90', 'Camagni Paolo, Nikolassy Riccardo', 'https://m.media-amazon.com/images/I/51xWEtoxjkL.jpg', 'Hoepli', NULL, NULL),
(43, 'I mech. English for mechanical technology. Ediz. openschool. Per gli Ist. tecnici e professionali. Con e-book. Con espansione online. Con CD-Audio', '9788820388669', '22.90', 'Di Rocchi Michela, Ferrari Cinzia', 'https://m.media-amazon.com/images/I/61J25QtgpfL.jpg', 'Hoepli', NULL, NULL),
(44, 'Nuovo sistemi e reti. Per l\'articolazione informatica degli istituti tecnici settore tecnologico. Ediz. openschool. Per gli Ist. tecnici industriali. Con e-book. Con espansione online: 1', '9788820388737', '20.90', 'Lo Russo Luigi, Bianchi Elena', 'https://m.media-amazon.com/images/I/51-RhCqsqKL.jpg', 'Hoepli', NULL, NULL),
(45, 'Voci della storia e dell\'attualit. Per le Scuole superiori. Con espansione online: 1', '9788822173386', '23.60', 'Brancati Antonio, Pagliarani Trebi', 'https://m.media-amazon.com/images/I/51Y1OYQxSuL.jpg', 'La Nuova Italia', NULL, NULL),
(46, 'Voci della storia e dell\'attualit. Per le Scuole superiori. Con espansione online: 3', '9788822173430', '26.20', 'Brancati Antonio, Pagliarani Trebi', 'https://m.media-amazon.com/images/I/51nKALf1X-L.jpg', 'La Nuova Italia', NULL, NULL),
(47, 'Voci della storia e dell\'attualit. Per le Scuole superiori. Con espansione online: 2', '9788822173515', '25.10', 'Brancati Antonio, Pagliarani Trebi', 'https://m.media-amazon.com/images/I/51GICkjxRuL.jpg', 'La Nuova Italia', NULL, NULL),
(48, 'Stare alle regole. Per le Scuole superiori', '9788824474665', '0.00', 'Amato Rosaria', 'https://m.media-amazon.com/images/I/51XhxCgBUVL.jpg', 'Simone per la Scuola', NULL, NULL),
(49, 'Scienze e tecnologie applicate con Arduino. Per gli Ist. tecnici. Con e-book. Con espansione online', '9788826818184', '13.50', 'Bolognini Sergio', 'https://m.media-amazon.com/images/I/51z5Euxv3xL.jpg', 'Atlas', NULL, NULL),
(50, 'Tiberiade. Ediz. plus. Per le Scuole superiori. Con DVD. Con e-book. Con espansione online', '9788835038412', '15.40', 'Manganotti Renato, Incampo Nicola', 'https://m.media-amazon.com/images/I/41zf0WyfwHL.jpg', 'La Scuola', NULL, NULL),
(51, 'Il nuovo tiberiade. Le grandi religioni. Per le Scuole superiori. Con e-book. Con espansione online', '9788835047537', '16.70', 'Manganotti Renato, Incampo Nicola', 'https://m.media-amazon.com/images/I/51sFF62ggfL.jpg', 'La Scuola', NULL, NULL),
(52, 'Sistemi automazione industriale. Meccanica-Meccatronica. Per gli Ist. tecnici e professionali. Con espansione online: 1', '9788837914059', '24.50', '', 'https://m.media-amazon.com/images/I/41LPFRwd8tL.jpg', 'Cappelli', NULL, NULL),
(53, 'Pi movimento. Vol. unico. Per le Scuole superiori. Con e-book. Con espansione online', '9788839302809', '0.00', 'Fiorini Gianluigi, Coretti Stefano, Bocchi Silvia', 'https://m.media-amazon.com/images/I/51Shu43lHmL.jpg', 'Marietti Scuola', NULL, NULL),
(54, 'Analisi dei sistemi. Per gli Ist. tecnici. Con espansione online: 1', '9788839513762', '0.00', 'Licata Giuseppe', 'https://m.media-amazon.com/images/I/310pVmVHhWL._SL500_.jpg', 'Thecna', NULL, NULL),
(55, 'Sistemi digitali. Per gli Ist. Tecnici: 2', '9788839513779', '0.00', 'Licata Giuseppe', 'https://m.media-amazon.com/images/I/51FbtkL-cpL.jpg', 'Thecna', NULL, NULL),
(56, 'Sistemi di controllo. Per gli Ist. Tecnici: 3', '9788839513793', '0.00', 'Licata Giuseppe', 'https://m.media-amazon.com/images/I/51f7JRv33iL.jpg', 'Thecna', NULL, NULL),
(57, 'Prendere il largo. Per le Scuole superiori. Con e-book. Con espansione online', '9788839524645', '25.00', 'Biglia Paola, Manfredi Paola, Terrile Alessandra', 'https://m.media-amazon.com/images/I/51ZjOtOMnPL.jpg', 'Paravia', NULL, NULL),
(58, 'Giovani Diritti Regole.  Con Cittadini digitali + ITE + Didastore', '9788839526953', '21.95', 'Cattani', 'https://m.media-amazon.com/images/I/5168Fjd9fEL.jpg', 'Paravia', NULL, NULL),
(59, 'Il nuovo dal progetto al prodotto. Per gli Ist. tecnici industriali. Con espansione online: 1', '9788839529930', '37.70', 'Caligaris Luigi, Fava Stefano, Tomasello Carlo', 'https://m.media-amazon.com/images/I/516tuGTRFEL.jpg', 'Paravia', NULL, NULL),
(60, 'Il nuovo dal progetto al prodotto. Per gli Ist. Tecnici industriali. Con espansione online: 2', '9788839529947', '37.70', 'Caligaris Luigi, Fava Stefano, Tomasello Carlo', 'https://m.media-amazon.com/images/I/51ATBCEeYWL.jpg', 'Paravia', NULL, NULL),
(61, 'Nuovo dal progetto al prodotto. Per gli Ist. Tecnici industriali. Con espansione online: 3', '9788839529954', '41.35', 'Calligaris Stefano, Fava Luigi, Tommasello Carlo', 'https://m.media-amazon.com/images/I/51csvKS7jQL.jpg', 'Paravia', NULL, NULL),
(62, 'La letteratura ieri, oggi, domani. Con Antologia. Ediz. nuovo esame di Stato. Per le Scuole superiori. Con e-book. Con espansione online: 1', '9788839536440', '44.20', 'Baldi Guido, Giusso Silvia, Razetti Mario', 'https://m.media-amazon.com/images/I/51ihYb8ziAL.jpg', 'Paravia', NULL, NULL),
(63, 'La letteratura ieri, oggi, domani. Dal barocco a Leopardi. Ediz. nuovo esame di Stato. Per le Scuole superiori. Con e-book. Con espansione online: 2', '9788839536457', '39.70', 'Baldi Guido, Giusso Silvia, Razetti Mario', 'https://m.media-amazon.com/images/I/417LYZjHx4L.jpg', 'Paravia', NULL, NULL),
(64, 'La letteratura ieri, oggi, domani. Ediz. nuovo esame di Stato. Per le Scuole superiori. Con e-book. Con espansione online: 31', '9788839536488', '26.40', 'Baldi Guido, Giusso Silvia, Razetti Mario', 'https://m.media-amazon.com/images/I/51Qw7pyohTL.jpg', 'Paravia', NULL, NULL),
(65, 'La letteratura ieri, oggi, domani. Ediz. nuovo esame di Stato. Per le Scuole superiori. Con e-book. Con espansione online: 32', '9788839536495', '26.40', 'Baldi Guido, Giusso Silvia, Razetti Mario', 'https://m.media-amazon.com/images/I/51DCmiHVBtL.jpg', 'Paravia', NULL, NULL),
(66, 'Disegno, progettazione e organizzazione industriale. Per le Scuole superiori. Con espansione online: 1', '9788841666494', '0.00', 'Straneo Stefano L., Consorti Romeo', 'https://m.media-amazon.com/images/I/51fSsDg7N6L.jpg', 'Principato', NULL, NULL),
(67, 'Disegno, progettazione e organizzazione industriale. Per le Scuole superiori: 2', '9788841666500', '49.90', 'Straneo Stefano L., Consorti Romeo', 'https://m.media-amazon.com/images/I/41jc1Nk1ZTL.jpg', 'Principato', NULL, NULL),
(68, 'Disegno, progettazione e organizzazione industriale. Per le Scuole superiori: 3', '9788841666517', '0.00', 'Straneo Stefano L., Consorti Romeo', 'https://m.media-amazon.com/images/I/51gWYE-oQ6L.jpg', 'Principato', NULL, NULL),
(69, 'Guida alla storia. Con materiali per il docente. Per le Scuole superiori. Con espansione online: 3', '9788842109051', '27.90', 'Giardina Andrea, Sabbatucci Giovanni, Vidotto Vittorio', 'https://m.media-amazon.com/images/I/51zbQnqChLL.jpg', 'Laterza Edizioni Scolastiche', NULL, NULL),
(70, 'Guida alla storia. Con materiali per il docente. Per le Scuole superiori. Con espansione online: 2', '9788842109112', '27.00', 'Giardina Andrea, Sabbatucci Giovanni, Vidotto Vittorio', 'https://m.media-amazon.com/images/I/51Km47GHSGL.jpg', 'Laterza Edizioni Scolastiche', NULL, NULL),
(71, 'Guida alla storia. Nuovi programmi. Per le Scuole superioriri. Con espansione online: 1', '9788842110026', '27.50', 'Giardina Andrea, Sabbatucci Giovanni, Vidotto Vittorio', 'https://m.media-amazon.com/images/I/51AnOlCmLSL.jpg', 'Laterza Edizioni Scolastiche', NULL, NULL),
(72, 'Sapere storia. Con Atlante. Per le Scuole superiori. Con e-book. Con espansione online: 1', '9788842114888', '22.90', 'Giardina Andrea', 'https://m.media-amazon.com/images/I/51sv+83629L.jpg', 'Laterza Edizioni Scolastiche', NULL, NULL),
(73, 'Sapere storia. Per le Scuole superiori. Con e-book. Con espansione online: 2', '9788842114895', '22.90', 'Giardina Andrea', 'https://m.media-amazon.com/images/I/51GAl36kc+L.jpg', 'Laterza Edizioni Scolastiche', NULL, NULL),
(74, 'Nuovo sulle tracce di Erodoto. Con Cittadinanza e Costituzione. Per le Scuole superiori. Con e-book. Con espansione online: 2', '9788842402732', '21.90', 'Amerini Franco, Mantellini Giovanna, Valente Doris', 'https://m.media-amazon.com/images/I/51EV8D3kmtL.jpg', 'Mondadori Bruno', NULL, NULL),
(75, 'Via libera light. Per le Scuole superiori. Con e-book. Con espansione online', '9788842403975', '19.70', 'Ferralasco Anna, Moiso Anna Maria, Testa Francesco', 'https://m.media-amazon.com/images/I/51d-zWIcbLL.jpg', 'Mondadori Bruno', NULL, NULL),
(76, 'Incontro con la letteratura. Per le Scuole superiori. Con e-book. Con espansione online: 1', '9788842404842', '34.40', 'Di Sacco Paolo', 'https://m.media-amazon.com/images/I/51KCgmBry8L.jpg', 'Scolastiche Bruno Mondadori', NULL, NULL),
(77, 'Incontro con la letteratura. Per le Scuole superiori. Con e-book. Con espansione online: 2', '9788842404859', '34.30', 'Di Sacco Paolo', 'https://m.media-amazon.com/images/I/61vCYdCfOYL.jpg', 'Scolastiche Bruno Mondadori', NULL, NULL),
(78, 'Incontro con la letteratura. Per le Scuole superiori. Con e-book. Con espansione online: 3', '9788842404866', '42.50', 'Di Sacco Paolo', 'https://m.media-amazon.com/images/I/51l6vwQrQJL.jpg', 'Scolastiche Bruno Mondadori', NULL, NULL),
(79, 'Corso di tecnologia meccanica. Per gli Ist. tecnici e professionali. Con espansione online: 3', '9788842445456', '0.00', 'Grosso Giuseppe, Di Tella Mario', 'https://m.media-amazon.com/images/I/51-UslRReFL.jpg', 'Scolastiche Bruno Mondadori', NULL, NULL),
(80, 'Macchine termiche. Per gli Ist. tecnici e professionali', '9788842660149', '0.00', 'Cornetti G.', 'https://m.media-amazon.com/images/I/51CysOXkMDL.jpg', 'Il Capitello', NULL, NULL),
(81, 'New electr-on. English for electronics, electrotechnology, automation and Ict. Per gli Ist. Tecnici e professionali. Con CD Audio. Con espansione online [Lingua inglese]', '9788844118730', '24.80', 'Beol Raffaella, Robba Margherita', 'https://m.media-amazon.com/images/I/5164FZnUpLL.jpg', 'EDISCO', NULL, NULL),
(82, 'New i-tech. English for information and communication technology. Per gli Ist. tecnici e professionali. Con e-book. Con espansione online', '9788844119621', '24.80', 'Bellino Maria Grazia', 'https://m.media-amazon.com/images/I/41X2b48EyHL.jpg', 'EDISCO', NULL, NULL),
(83, 'Bit by bit. English for information and communications technology. Per il triennio degli Ist. tecnici settore tecnologico. Con ebook. Con espansione online. Con CD-Audio [Lingua inglese]', '9788844120801', '0.00', 'Ardu Doretta, Bellino Maria Grazia, Di Giorgio Giusy', 'https://m.media-amazon.com/images/I/51YX4bmEPsL.jpg', 'EDISCO', NULL, NULL),
(84, 'Nuova matematica a colori. Algebra. Con quaderno di recupero. Ediz. verde. Per le Scuole superiori. Con CD-ROM. Con espansione online: N.MAT.COL.VERDE ALG.2+Q+CD', '9788849415872', '26.40', 'SASSO', 'https://m.media-amazon.com/images/I/51wMFyJwYBL.jpg', 'Petrini', NULL, NULL),
(85, 'La matematica a colori. Algebra. Ediz. verde. Per le Scuole superiori. Con e-book. Con espansione online: 2', '9788849419153', '24.20', 'Sasso Leonardo', 'https://m.media-amazon.com/images/I/51hShkoI7YL.jpg', 'Petrini', NULL, NULL),
(86, 'La matematica a colori. Geometria. Ediz. verde. Per le Scuole superiori. Con e-book. Con espansione online', '9788849419160', '14.95', 'Sasso Leonardo', 'https://m.media-amazon.com/images/I/51Lo9n2OmvL.jpg', 'Petrini', NULL, NULL),
(87, 'La matematica a colori. Ediz. verde. Vol. A-B. Per le Scuole superiori. Con e-book. Con espansione online: 3', '9788849420227', '31.90', 'Sasso Leonardo', 'https://m.media-amazon.com/images/I/51+uwGuqFvL.jpg', 'Petrini', NULL, NULL),
(88, 'La matematica a colori. Ediz. verde. Per le Scuole superiori. Con e-book. Con espansione online: 4', '9788849420234', '30.85', 'Sasso Leonardo', 'https://m.media-amazon.com/images/I/51H8ByQw6zL.jpg', 'Petrini', NULL, NULL),
(89, 'La matematica a colori. Ediz. verde. Per le Scuole superiori: 5', '9788849420241', '28.70', 'Sasso Leonardo', 'https://m.media-amazon.com/images/I/51T4xHyArWL.jpg', 'Petrini', NULL, NULL),
(90, 'Grammar reference. Per le Scuole superiori. Con DVD-ROM. Con e-book. Con espansione online', '9788849420883', '28.70', 'Andreolli Mariagiovanna, Linwood Pamela', 'https://m.media-amazon.com/images/I/51xabt6Z8IL.jpg', 'Petrini', NULL, NULL),
(91, 'Colori della matematica. Algebra-Quaderno. Ediz. verde. Per gli Ist. tecnici. Con e-book. Con espansione online: 1', '9788849421699', '28.10', 'Sasso Leonardo', 'https://m.media-amazon.com/images/I/51Oc8Bun9BL.jpg', 'Petrini', NULL, NULL),
(92, 'Colori della matematica. Geometria-Quaderno geometria. Ediz. verde. Per gli Ist. tecnici. Con e-book. Con espansione online', '9788849421712', '17.70', 'Sasso Leonardo, Zoli Enrico', 'https://m.media-amazon.com/images/I/518wczXYhKL.jpg', 'Petrini', NULL, NULL),
(93, 'Ora geo. Per gli Ist. tecnici e professionali. Con e-book. Con espansione online. Con Libro: Atlante', '9788851128272', '11.65', '', 'https://m.media-amazon.com/images/I/51c6MHk114L.jpg', 'De Agostini Scuola', NULL, NULL),
(94, 'Sistemi ed automazione industriale. Per gli Ist. Tecnici industriali: 2', '9788852801228', '0.00', 'Natali Graziano, Aguzzi Nadia', 'https://m.media-amazon.com/images/I/31lYoNaY3ZL._SL500_.jpg', 'Calderini', NULL, NULL),
(95, 'Sistemi e automazione industriale. Per gli Ist. Tecnici industriali: 3', '9788852801525', '0.00', 'Natali Graziano, Aguzzi Nadia', 'https://m.media-amazon.com/images/I/51nNi3Myz+L.jpg', 'Calderini', NULL, NULL),
(96, 'Cult B2. Student\'s book and Workbook. Per le Scuole superiori. Con espansione online [Lingua inglese]', '9788853015044', '30.90', 'Broadhead Annie, Calzini M. K., Heward V.', 'https://m.media-amazon.com/images/I/51Y3nIYk+7L.jpg', 'Black Cat-Cideb', NULL, NULL),
(97, 'Smartmech. Prove d\'esame-Flip book. Per gli Ist. tecnici. Con e-book. Con espansione online [Lingua inglese]', '9788853620774', '23.90', 'Rizzo Rosa Anna', 'https://m.media-amazon.com/images/I/51DICh3k-WL.jpg', 'ELI', NULL, NULL),
(98, 'La fisica di Walker. Vol. unico. Per le Scuole superiori. Con e-book. Con espansione online', '9788863648850', '32.15', 'Walker', 'https://m.media-amazon.com/images/I/515fVoqyrJL.jpg', 'Linx', NULL, NULL),
(99, 'Dal bit alle App. Con codifiche in Scratch, Clanguage, Python, Pascal App Inventor per Android. Per le Scuole superiori. Con e-book. Con espansione online', '9788863648935', '21.70', 'Barbero Alberto, Vaschetto Francesco', 'https://m.media-amazon.com/images/I/514XSNrhCsL.jpg', 'Linx', NULL, NULL),
(100, 'Biologica. Capire le scienze della vita. Per le Scuole superiori. Con e-book. Con espansione online', '9788863649611', '22.80', 'Lenzi Simonetta, Chimirri Fabiana, Fiussello Cinzia', 'https://m.media-amazon.com/images/I/51Ji2Ykak+L.jpg', 'Linx', NULL, NULL),
(101, 'Il buon uso dell\'italiano. Vol. A-B. Per le Scuole superiori. Con e-book. Con espansione online', '9788869644801', '32.20', 'Savigliano Claudia', 'https://m.media-amazon.com/images/I/51+HpdsT70L.jpg', 'Garzanti Scuola', NULL, NULL),
(102, 'Speak your mind. Student\'s book-Workbook. Per le Scuole superiori. Con espansione online: 1', '9788883390647', '28.00', 'Carr, Parson, Foody', 'https://m.media-amazon.com/images/I/51HT9gZG8gL.jpg', 'Pearson Longman', NULL, NULL),
(103, 'English for new technology. CLIL for english. Per le Scuole superiori. Con espansione online [Lingua inglese]', '9788883391118', '24.20', 'O\'Malley', 'https://m.media-amazon.com/images/I/5125K4EmUtL.jpg', 'Pearson Longman', NULL, NULL),
(104, 'Speak your mind compact. Per le Scuole superiori. Con e-book. Con espansione online', '9788883392481', '29.10', 'Aa.Vv.', 'https://m.media-amazon.com/images/I/519kYi9lBxL.jpg', 'Pearson Longman', NULL, NULL),
(105, 'Speak your mind compact. Ediz. mylab. Per le Scuole superiori. Con e-book. Con espansione online', '9788883392528', '31.70', 'AA VV', 'https://m.media-amazon.com/images/I/514py2-em4L.jpg', 'Pearson Longman', NULL, NULL),
(106, 'Working with new technology. Per gli Ist. professionali. Con e-book. Con espansione online [Lingua inglese]', '9788883394348', '24.60', 'O\'Malley Kiaran', 'https://m.media-amazon.com/images/I/51I0bL6zl7L.jpg', 'Pearson Longman', NULL, NULL),
(107, 'Engage! With your future. Per le Scuole superiori. Con e-book. Con espansione online', '9788883395260', '28.60', 'Berlis Monica, Bowie Jane, Jones Heather', 'https://m.media-amazon.com/images/I/51PAr3vW29L.jpg', 'Pearson Longman', NULL, NULL),
(108, 'Fondamenti di elettrotecnica ed elettronica. Con quaderno. Per gli Ist. tecnici industriali. Con espansione online: 1', '9788884881182', '19.50', 'Ferrari Emilio, Rinaldi Luigi', 'https://m.media-amazon.com/images/I/51pcyQbo-rL.jpg', 'San Marco (Ponteranica)', NULL, NULL),
(109, 'Fondamenti di elettrotecnica ed elettronica. Con Quaderno operativo di laboratorio. Per gli Ist. tecnici industriali. Con espansione online: 2', '9788884881250', '22.50', 'Ferrari Emilio, Rinaldi Luigi', 'https://m.media-amazon.com/images/I/51ge17rGx+L.jpg', 'San Marco (Ponteranica)', NULL, NULL),
(110, 'Fondamenti di elettrotecnica ed elettronica. Con quaderno. Con espansione online. Per gli Ist. tecnici industriali: 3', '9788884881267', '23.50', 'Ferrari Emilio, Rinaldi Luigi', 'https://m.media-amazon.com/images/I/51jz2IJ4BgL.jpg', 'San Marco (Ponteranica)', NULL, NULL),
(111, 'Telecomunicazioni per informatica. Laboratorio. Con quaderno operativo di laboratorio. Con e-book. Con espansione online. Per gli Ist. tecnici industriali', '9788884882615', '24.00', 'Ferrari Emilio, Galbassini Cesarino', 'https://m.media-amazon.com/images/I/519zSnc35cL.jpg', 'San Marco (Ponteranica)', NULL, NULL),
(112, 'Marketing, distribuzione & presentazione del prodotto. Tessile abbigliamento. Con e-book. Con espansione online. Per gli Ist. tecnici e professionali', '9788884882707', '21.00', 'Grandi Amalia', 'https://m.media-amazon.com/images/I/5109oSAZpwL.jpg', 'San Marco (Ponteranica)', NULL, NULL);

-- --------------------------------------------------------

--
-- Struttura della tabella `classes`
--

CREATE TABLE `classes` (
  `id` int(10) UNSIGNED NOT NULL,
  `name` varchar(100) NOT NULL,
  `school_year` varchar(20) NOT NULL,
  `created_at` timestamp NULL DEFAULT NULL,
  `updated_at` timestamp NULL DEFAULT NULL
) ENGINE=InnoDB DEFAULT CHARSET=utf8;

--
-- Dump dei dati per la tabella `classes`
--

INSERT INTO `classes` (`id`, `name`, `school_year`, `created_at`, `updated_at`) VALUES
(1, '1EA', '2019', NULL, NULL),
(2, '1EB', '2019', NULL, NULL),
(3, '1EC', '2019', NULL, NULL),
(4, '1IA', '2019', NULL, NULL),
(5, '1IB', '2019', NULL, NULL),
(6, '1IC', '2019', NULL, NULL),
(7, '1ID', '2019', NULL, NULL),
(8, '1IE', '2019', NULL, NULL),
(9, '1IF', '2019', NULL, NULL),
(10, '1IG', '2019', NULL, NULL),
(11, '1IH', '2019', NULL, NULL),
(12, '1MA', '2019', NULL, NULL),
(13, '1MB', '2019', NULL, NULL),
(14, '1MC', '2019', NULL, NULL),
(15, '1MD', '2019', NULL, NULL),
(16, '1ME', '2019', NULL, NULL),
(17, '1MF', '2019', NULL, NULL),
(18, '1MG', '2019', NULL, NULL),
(19, '1MT', '2019', NULL, NULL),
(20, '1TI', '2019', NULL, NULL),
(21, '2EA', '2019', NULL, NULL),
(22, '2EB', '2019', NULL, NULL),
(23, '2EC', '2019', NULL, NULL),
(24, '2IA', '2019', NULL, NULL),
(25, '2IB', '2019', NULL, NULL),
(26, '2IC', '2019', NULL, NULL),
(27, '2ID', '2019', NULL, NULL),
(28, '2IE', '2019', NULL, NULL),
(29, '2IF', '2019', NULL, NULL),
(30, '2MA', '2019', NULL, NULL),
(31, '2MB', '2019', NULL, NULL),
(32, '2MC', '2019', NULL, NULL),
(33, '2MD', '2019', NULL, NULL),
(34, '2MT', '2019', NULL, NULL),
(35, '3EA', '2019', NULL, NULL),
(36, '3EB', '2019', NULL, NULL),
(37, '3EC', '2019', NULL, NULL),
(38, '3IA', '2019', NULL, NULL),
(39, '3IB', '2019', NULL, NULL),
(40, '3IC', '2019', NULL, NULL),
(41, '3ID', '2019', NULL, NULL),
(42, '3IE', '2019', NULL, NULL),
(43, '3MA', '2019', NULL, NULL),
(44, '3MB', '2019', NULL, NULL),
(45, '3MC', '2019', NULL, NULL),
(46, '3MD', '2019', NULL, NULL),
(47, '3ME', '2019', NULL, NULL),
(48, '3TA', '2019', NULL, NULL),
(49, '4EA', '2019', NULL, NULL),
(50, '4EB', '2019', NULL, NULL),
(51, '4EC', '2019', NULL, NULL),
(52, '4ED', '2019', NULL, NULL),
(53, '4IA', '2019', NULL, NULL),
(54, '4IB', '2019', NULL, NULL),
(55, '4IC', '2019', NULL, NULL),
(56, '4ID', '2019', NULL, NULL),
(57, '4IE', '2019', NULL, NULL),
(58, '4MA', '2019', NULL, NULL),
(59, '4MB', '2019', NULL, NULL),
(60, '4MC', '2019', NULL, NULL),
(61, '4MD', '2019', NULL, NULL),
(62, '4ME', '2019', NULL, NULL),
(63, '4TA', '2019', NULL, NULL),
(64, '5EA', '2019', NULL, NULL),
(65, '5EB', '2019', NULL, NULL),
(66, '5EC', '2019', NULL, NULL),
(67, '5ED', '2019', NULL, NULL),
(68, '5IA', '2019', NULL, NULL),
(69, '5IB', '2019', NULL, NULL),
(70, '5IC', '2019', NULL, NULL),
(71, '5ID', '2019', NULL, NULL),
(72, '5IE', '2019', NULL, NULL),
(73, '5MA', '2019', NULL, NULL),
(74, '5MB', '2019', NULL, NULL),
(75, '5MC', '2019', NULL, NULL),
(76, '5MD', '2019', NULL, NULL),
(77, '5ME', '2019', NULL, NULL),
(78, '5TA', '2019', NULL, NULL),
(79, '1AS', '2019', NULL, NULL),
(80, '2AS', '2019', NULL, NULL),
(81, '3EAS', '2019', NULL, NULL),
(82, '3IAS', '2019', NULL, NULL),
(83, '3MAS', '2019', NULL, NULL),
(84, '4EAS', '2019', NULL, NULL),
(85, '4IAS', '2019', NULL, NULL),
(86, '4MAS', '2019', NULL, NULL),
(87, '5EAS', '2019', NULL, NULL),
(88, '5IAS', '2019', NULL, NULL),
(89, '5MAS', '2019', NULL, NULL);

-- --------------------------------------------------------

--
-- Struttura della tabella `demands`
--

CREATE TABLE `demands` (
  `id` int(10) UNSIGNED NOT NULL,
  `book_id` int(10) UNSIGNED NOT NULL,
  `user_id` int(10) UNSIGNED NOT NULL,
  `created_at` timestamp NULL DEFAULT NULL,
  `updated_at` timestamp NULL DEFAULT NULL
) ENGINE=InnoDB DEFAULT CHARSET=utf8;

--
-- Dump dei dati per la tabella `demands`
--

INSERT INTO `demands` (`id`, `book_id`, `user_id`, `created_at`, `updated_at`) VALUES
(2, 55, 6, NULL, NULL),
(3, 56, 6, NULL, NULL),
(4, 57, 6, NULL, NULL);

-- --------------------------------------------------------

--
-- Struttura della tabella `password_resets`
--

CREATE TABLE `password_resets` (
  `id` int(10) UNSIGNED NOT NULL,
  `email` varchar(100) NOT NULL,
  `reset_token` varchar(255) NOT NULL,
  `created_at` timestamp NULL DEFAULT NULL,
  `updated_at` timestamp NULL DEFAULT NULL
) ENGINE=InnoDB DEFAULT CHARSET=utf8;

-- --------------------------------------------------------

--
-- Struttura della tabella `subjects`
--

CREATE TABLE `subjects` (
  `id` int(10) UNSIGNED NOT NULL,
  `name` varchar(100) NOT NULL,
  `course` varchar(100) NOT NULL,
  `course_year` varchar(20) NOT NULL,
  `created_at` timestamp NULL DEFAULT NULL,
  `updated_at` timestamp NULL DEFAULT NULL
) ENGINE=InnoDB DEFAULT CHARSET=utf8;

--
-- Dump dei dati per la tabella `subjects`
--

INSERT INTO `subjects` (`id`, `name`, `course`, `course_year`, `created_at`, `updated_at`) VALUES
(1, 'chimica', '', '1', NULL, NULL),
(2, 'diritto ed economia', '', '1', NULL, NULL),
(3, 'fisica', '', '1', NULL, NULL),
(4, 'inglese', '', '1', NULL, NULL),
(5, 'italiano', '', '1', NULL, NULL),
(6, 'matematica', '', '1', NULL, NULL),
(7, 'scienze della terra', '', '1', NULL, NULL),
(8, 'storia', '', '1', NULL, NULL),
(9, 'tecnologie e tecniche di rappresentazione grafica', '', '1', NULL, NULL),
(10, 'tecnologie informatiche', '', '1', NULL, NULL),
(11, 'religione', '', '1', NULL, NULL),
(12, 'scienze motorie e sportive', '', '1', NULL, NULL),
(13, 'biologia', '', '2', NULL, NULL),
(14, 'geografia', '', '2', NULL, NULL),
(15, 'italiano', '', '2', NULL, NULL),
(16, 'matematica', '', '2', NULL, NULL),
(17, 'religione', '', '2', NULL, NULL),
(18, 'scienze e tecnologie applicate', '', '2', NULL, NULL),
(19, 'storia', '', '2', NULL, NULL),
(20, 'chimica', '', '2', NULL, NULL),
(21, 'diritto ed economia', '', '2', NULL, NULL),
(22, 'fisica', '', '2', NULL, NULL),
(23, 'inglese', '', '2', NULL, NULL),
(24, 'scienze motorie e sportive', '', '2', NULL, NULL),
(25, 'tecnologie e tecniche di rappresentazione grafica', '', '2', NULL, NULL),
(26, 'elettrotecnica ed elettronica', 'elettronica', '3', NULL, NULL),
(27, 'inglese', '', '3', NULL, NULL),
(28, 'italiano', '', '3', NULL, NULL),
(29, 'matematica', '', '3', NULL, NULL),
(30, 'sistemi automatici', 'elettronica', '3', NULL, NULL),
(31, 'storia', '', '3', NULL, NULL),
(32, 'tecnologie e progettazione di sistemi elettrici ed elettronici', 'elettronica', '3', NULL, NULL),
(33, 'religione', '', '3', NULL, NULL),
(34, 'scienze motorie e sportive', '', '3', NULL, NULL),
(35, 'sistemi e reti', 'informatica', '3', NULL, NULL),
(36, 'tecnologie e progettazione di sistemi informatici e di telecomunicazioni', 'informatica', '3', NULL, NULL),
(37, 'telecomunicazioni', 'informatica', '3', NULL, NULL),
(39, 'sistemi e automazione', 'meccanica', '3', NULL, NULL),
(40, 'tecnologia meccanica', 'meccanica', '3', NULL, NULL),
(41, 'meccanica', 'meccanica', '3', NULL, NULL),
(42, 'chimica', '', '3', NULL, NULL),
(43, 'disegno', '', '3', NULL, NULL),
(44, 'tecniche di distribuzione e marketing', 'tessile', '3', NULL, NULL),
(45, 'elettrotecnica ed elettronica', 'elettronica', '4', NULL, NULL),
(46, 'inglese', '', '4', NULL, NULL),
(47, 'italiano', '', '4', NULL, NULL),
(48, 'matematica', '', '4', NULL, NULL),
(49, 'sistemi automatici', 'elettronica', '4', NULL, NULL),
(50, 'storia', '', '4', NULL, NULL),
(51, 'tecnologie e progettazione di sistemi elettrici ed elettronici', 'elettronica', '4', NULL, NULL),
(52, 'religione', '', '4', NULL, NULL),
(53, 'scienze motorie e sportive', '', '4', NULL, NULL),
(54, 'sistemi e reti', 'informatica', '4', NULL, NULL),
(55, 'tecnologie e progettazione di sistemi informatici e di telecomunicazioni', 'informatica', '4', NULL, NULL),
(56, 'telecomunicazioni', 'informatica', '4', NULL, NULL),
(58, 'sistemi e automazione', 'meccanica', '4', NULL, NULL),
(59, 'tecnologia meccanica', 'meccanica', '4', NULL, NULL),
(60, 'disegno', '', '4', NULL, NULL),
(61, 'tecniche di distribuzione e marketing', 'tessile', '4', NULL, NULL),
(62, 'elettrotecnica ed elettronica', 'elettronica', '5', NULL, NULL),
(63, 'inglese', '', '5', NULL, NULL),
(64, 'italiano', '', '5', NULL, NULL),
(65, 'matematica', '', '5', NULL, NULL),
(66, 'sistemi automatici', 'elettronica', '5', NULL, NULL),
(67, 'storia', '', '5', NULL, NULL),
(68, 'tecnologie e progettazione di sistemi elettrici ed elettronici', 'elettronica', '5', NULL, NULL),
(69, 'religione', '', '5', NULL, NULL),
(70, 'scienze motorie e sportive', '', '5', NULL, NULL),
(71, 'sistemi e reti', 'informatica', '5', NULL, NULL),
(72, 'tecnologie e progettazione di sistemi informatici e di telecomunicazioni', 'informatica', '5', NULL, NULL),
(73, 'informatica', 'informatica', '5', NULL, NULL),
(75, 'sistemi e automazione', 'meccanica', '5', NULL, NULL),
(76, 'tecnologia meccanica', 'meccanica', '5', NULL, NULL),
(77, 'disegno', '', '5', NULL, NULL),
(78, 'tecnica e organizzazione aziendale', 'tessile', '5', NULL, NULL),
(79, 'informatica', 'informatica', '3', NULL, NULL),
(80, 'informatica', 'informatica', '4', NULL, NULL),
(81, 'meccanica', 'mecccanica', '4', NULL, NULL);

-- --------------------------------------------------------

--
-- Struttura della tabella `supplies`
--

CREATE TABLE `supplies` (
  `id` int(10) UNSIGNED NOT NULL,
  `book_id` int(10) UNSIGNED NOT NULL,
  `user_id` int(10) UNSIGNED NOT NULL,
  `price` decimal(10,0) NOT NULL,
  `created_at` timestamp NULL DEFAULT NULL,
  `updated_at` timestamp NULL DEFAULT NULL
) ENGINE=InnoDB DEFAULT CHARSET=utf8;

--
-- Dump dei dati per la tabella `supplies`
--

INSERT INTO `supplies` (`id`, `book_id`, `user_id`, `price`, `created_at`, `updated_at`) VALUES
(1, 56, 7, '0', NULL, NULL),
(2, 56, 7, '0', NULL, NULL),
(3, 56, 7, '0', NULL, NULL),
(5, 56, 7, '0', NULL, NULL),
(7, 56, 7, '0', NULL, NULL),
(9, 55, 6, '0', NULL, NULL),
(10, 53, 6, '0', NULL, NULL),
(11, 56, 6, '0', NULL, NULL),
(12, 107, 7, '0', NULL, NULL);

-- --------------------------------------------------------

--
-- Struttura della tabella `temp_adoptions`
--

CREATE TABLE `temp_adoptions` (
  `id` int(10) UNSIGNED NOT NULL,
  `book_isbn` varchar(13) CHARACTER SET latin1 NOT NULL,
  `class_name` varchar(20) NOT NULL,
  `subject_name` varchar(100) NOT NULL,
  `must_buy` tinyint(1) DEFAULT NULL,
  `recommended` tinyint(1) DEFAULT NULL,
  `new_adoption` tinyint(1) DEFAULT NULL,
  `created_at` timestamp NULL DEFAULT NULL,
  `updated_at` timestamp NULL DEFAULT NULL
) ENGINE=InnoDB DEFAULT CHARSET=utf8;

--
-- Dump dei dati per la tabella `temp_adoptions`
--

INSERT INTO `temp_adoptions` (`id`, `book_isbn`, `class_name`, `subject_name`, `must_buy`, `recommended`, `new_adoption`, `created_at`, `updated_at`) VALUES
(1, '9788808269409', '1EA', 'chimica', 1, 0, 0, NULL, NULL),
(2, '9788839526953', '1EA', 'diritto ed economia', 1, 0, 0, NULL, NULL),
(3, '9788863648850', '1EA', 'fisica', 1, 0, 0, NULL, NULL),
(4, '9788849420883', '1EA', 'inglese', 1, 0, 0, NULL, NULL),
(5, '9788883395260', '1EA', 'inglese', 1, 0, 1, NULL, NULL),
(6, '9788808721075', '1EA', 'italiano', 1, 0, 0, NULL, NULL),
(7, '9788869644801', '1EA', 'italiano', 1, 0, 0, NULL, NULL),
(8, '9788849421712', '1EA', 'matematica', 1, 0, 1, NULL, NULL),
(9, '9788849421699', '1EA', 'matematica', 1, 0, 1, NULL, NULL),
(10, '9788808520593', '1EA', 'scienze della terra', 1, 0, 1, NULL, NULL),
(11, '9788842114888', '1EA', 'storia', 1, 0, 0, NULL, NULL),
(12, '9788805073634', '1EA', 'tecnologie e tecniche di rappresentazione grafica', 1, 0, 0, NULL, NULL),
(13, '9788805073641', '1EA', 'tecnologie e tecniche di rappresentazione grafica', 1, 0, 0, NULL, NULL),
(14, '9788863648935', '1EA', 'tecnologie informatiche', 1, 0, 0, NULL, NULL),
(15, '9788835047537', '1EA', 'religione', 0, 0, 0, NULL, NULL),
(16, '9788839302809', '1EA', 'scienze motorie e sportive', 0, 0, 0, NULL, NULL),
(17, '9788808269409', '1EB', 'chimica', 1, 0, 0, NULL, NULL),
(18, '9788839526953', '1EB', 'diritto ed economia', 1, 0, 0, NULL, NULL),
(19, '9788863648850', '1EB', 'fisica', 1, 0, 0, NULL, NULL),
(20, '9788849420883', '1EB', 'inglese', 1, 0, 0, NULL, NULL),
(21, '9788883395260', '1EB', 'inglese', 1, 0, 1, NULL, NULL),
(22, '9788808721075', '1EB', 'italiano', 1, 0, 0, NULL, NULL),
(23, '9788869644801', '1EB', 'italiano', 1, 0, 0, NULL, NULL),
(24, '9788849421712', '1EB', 'matematica', 1, 0, 1, NULL, NULL),
(25, '9788849421699', '1EB', 'matematica', 1, 0, 1, NULL, NULL),
(26, '9788808520593', '1EB', 'scienze della terra', 1, 0, 1, NULL, NULL),
(27, '9788842114888', '1EB', 'storia', 1, 0, 0, NULL, NULL),
(28, '9788805073641', '1EB', 'tecnologie e tecniche di rappresentazione grafica', 1, 0, 0, NULL, NULL),
(29, '9788805073634', '1EB', 'tecnologie e tecniche di rappresentazione grafica', 1, 0, 0, NULL, NULL),
(30, '9788863648935', '1EB', 'tecnologie informatiche', 1, 0, 0, NULL, NULL),
(31, '9788835047537', '1EB', 'religione', 0, 0, 0, NULL, NULL),
(32, '9788839302809', '1EB', 'scienze motorie e sportive', 0, 0, 0, NULL, NULL),
(33, '9788808269409', '1EC', 'chimica', 1, 0, 0, NULL, NULL),
(34, '9788839526953', '1EC', 'diritto ed economia', 1, 0, 0, NULL, NULL),
(35, '9788863648850', '1EC', 'fisica', 1, 0, 0, NULL, NULL),
(36, '9788849420883', '1EC', 'inglese', 1, 0, 0, NULL, NULL),
(37, '9788883395260', '1EC', 'inglese', 1, 0, 1, NULL, NULL),
(38, '9788808721075', '1EC', 'italiano', 1, 0, 0, NULL, NULL),
(39, '9788869644801', '1EC', 'italiano', 1, 0, 0, NULL, NULL),
(40, '9788849421712', '1EC', 'matematica', 1, 0, 1, NULL, NULL),
(41, '9788849421699', '1EC', 'matematica', 1, 0, 1, NULL, NULL),
(42, '9788808520593', '1EC', 'scienze della terra', 1, 0, 1, NULL, NULL),
(43, '9788842114888', '1EC', 'storia', 1, 0, 0, NULL, NULL),
(44, '9788805073634', '1EC', 'tecnologie e tecniche di rappresentazione grafica', 1, 0, 0, NULL, NULL),
(45, '9788805073641', '1EC', 'tecnologie e tecniche di rappresentazione grafica', 1, 0, 0, NULL, NULL),
(46, '9788863648935', '1EC', 'tecnologie informatiche', 1, 0, 0, NULL, NULL),
(47, '9788835047537', '1EC', 'religione', 0, 0, 0, NULL, NULL),
(48, '9788839302809', '1EC', 'scienze motorie e sportive', 0, 0, 0, NULL, NULL),
(49, '9788808269409', '1IA', 'chimica', 1, 0, 0, NULL, NULL),
(50, '9788839526953', '1IA', 'diritto ed economia', 1, 0, 0, NULL, NULL),
(51, '9788863648850', '1IA', 'fisica', 1, 0, 0, NULL, NULL),
(52, '9788849420883', '1IA', 'inglese', 1, 0, 0, NULL, NULL),
(53, '9788883395260', '1IA', 'inglese', 1, 0, 1, NULL, NULL),
(54, '9788808721075', '1IA', 'italiano', 1, 0, 0, NULL, NULL),
(55, '9788869644801', '1IA', 'italiano', 1, 0, 0, NULL, NULL),
(56, '9788849421712', '1IA', 'matematica', 1, 0, 1, NULL, NULL),
(57, '9788849421699', '1IA', 'matematica', 1, 0, 1, NULL, NULL),
(58, '9788808520593', '1IA', 'scienze della terra', 1, 0, 1, NULL, NULL),
(59, '9788842114888', '1IA', 'storia', 1, 0, 0, NULL, NULL),
(60, '9788805073634', '1IA', 'tecnologie e tecniche di rappresentazione grafica', 1, 0, 0, NULL, NULL),
(61, '9788805073641', '1IA', 'tecnologie e tecniche di rappresentazione grafica', 1, 0, 0, NULL, NULL),
(62, '9788863648935', '1IA', 'tecnologie informatiche', 1, 0, 0, NULL, NULL),
(63, '9788835047537', '1IA', 'religione', 0, 0, 0, NULL, NULL),
(64, '9788839302809', '1IA', 'scienze motorie e sportive', 0, 0, 0, NULL, NULL),
(65, '9788808269409', '1IB', 'chimica', 1, 0, 0, NULL, NULL),
(66, '9788839526953', '1IB', 'diritto ed economia', 1, 0, 0, NULL, NULL),
(67, '9788863648850', '1IB', 'fisica', 1, 0, 0, NULL, NULL),
(68, '9788849420883', '1IB', 'inglese', 1, 0, 0, NULL, NULL),
(69, '9788883395260', '1IB', 'inglese', 1, 0, 1, NULL, NULL),
(70, '9788808721075', '1IB', 'italiano', 1, 0, 0, NULL, NULL),
(71, '9788869644801', '1IB', 'italiano', 1, 0, 0, NULL, NULL),
(72, '9788849421712', '1IB', 'matematica', 1, 0, 1, NULL, NULL),
(73, '9788849421699', '1IB', 'matematica', 1, 0, 1, NULL, NULL),
(74, '9788808520593', '1IB', 'scienze della terra', 1, 0, 1, NULL, NULL),
(75, '9788842114888', '1IB', 'storia', 1, 0, 0, NULL, NULL),
(76, '9788805073634', '1IB', 'tecnologie e tecniche di rappresentazione grafica', 1, 0, 0, NULL, NULL),
(77, '9788805073641', '1IB', 'tecnologie e tecniche di rappresentazione grafica', 1, 0, 0, NULL, NULL),
(78, '9788863648935', '1IB', 'tecnologie informatiche', 1, 0, 0, NULL, NULL),
(79, '9788835047537', '1IB', 'religione', 0, 0, 0, NULL, NULL),
(80, '9788839302809', '1IB', 'scienze motorie e sportive', 0, 0, 0, NULL, NULL),
(81, '9788808269409', '1IC', 'chimica', 1, 0, 0, NULL, NULL),
(82, '9788839526953', '1IC', 'diritto ed economia', 1, 0, 0, NULL, NULL),
(83, '9788863648850', '1IC', 'fisica', 1, 0, 0, NULL, NULL),
(84, '9788883395260', '1IC', 'inglese', 1, 0, 1, NULL, NULL),
(85, '9788849420883', '1IC', 'inglese', 1, 0, 0, NULL, NULL),
(86, '9788808721075', '1IC', 'italiano', 1, 0, 0, NULL, NULL),
(87, '9788869644801', '1IC', 'italiano', 1, 0, 0, NULL, NULL),
(88, '9788849421699', '1IC', 'matematica', 1, 0, 1, NULL, NULL),
(89, '9788849421712', '1IC', 'matematica', 1, 0, 1, NULL, NULL),
(90, '9788808520593', '1IC', 'scienze della terra', 1, 0, 1, NULL, NULL),
(91, '9788842114888', '1IC', 'storia', 1, 0, 0, NULL, NULL),
(92, '9788805073641', '1IC', 'tecnologie e tecniche di rappresentazione grafica', 1, 0, 0, NULL, NULL),
(93, '9788805073634', '1IC', 'tecnologie e tecniche di rappresentazione grafica', 1, 0, 0, NULL, NULL),
(94, '9788863648935', '1IC', 'tecnologie informatiche', 1, 0, 0, NULL, NULL),
(95, '9788835047537', '1IC', 'religione', 0, 0, 0, NULL, NULL),
(96, '9788839302809', '1IC', 'scienze motorie e sportive', 0, 0, 0, NULL, NULL),
(97, '9788808269409', '1ID', 'chimica', 1, 0, 0, NULL, NULL),
(98, '9788839526953', '1ID', 'diritto ed economia', 1, 0, 0, NULL, NULL),
(99, '9788863648850', '1ID', 'fisica', 1, 0, 0, NULL, NULL),
(100, '9788849420883', '1ID', 'inglese', 1, 0, 0, NULL, NULL),
(101, '9788883395260', '1ID', 'inglese', 1, 0, 1, NULL, NULL),
(102, '9788808721075', '1ID', 'italiano', 1, 0, 0, NULL, NULL),
(103, '9788869644801', '1ID', 'italiano', 1, 0, 0, NULL, NULL),
(104, '9788849421712', '1ID', 'matematica', 1, 0, 1, NULL, NULL),
(105, '9788849421699', '1ID', 'matematica', 1, 0, 1, NULL, NULL),
(106, '9788808520593', '1ID', 'scienze della terra', 1, 0, 1, NULL, NULL),
(107, '9788842114888', '1ID', 'storia', 1, 0, 0, NULL, NULL),
(108, '9788805073634', '1ID', 'tecnologie e tecniche di rappresentazione grafica', 1, 0, 0, NULL, NULL),
(109, '9788805073641', '1ID', 'tecnologie e tecniche di rappresentazione grafica', 1, 0, 0, NULL, NULL),
(110, '9788863648935', '1ID', 'tecnologie informatiche', 1, 0, 0, NULL, NULL),
(111, '9788835047537', '1ID', 'religione', 0, 0, 0, NULL, NULL),
(112, '9788839302809', '1ID', 'scienze motorie e sportive', 0, 0, 0, NULL, NULL),
(113, '9788808269409', '1IE', 'chimica', 1, 0, 0, NULL, NULL),
(114, '9788839526953', '1IE', 'diritto ed economia', 1, 0, 0, NULL, NULL),
(115, '9788863648850', '1IE', 'fisica', 1, 0, 0, NULL, NULL),
(116, '9788883395260', '1IE', 'inglese', 1, 0, 1, NULL, NULL),
(117, '9788849420883', '1IE', 'inglese', 1, 0, 0, NULL, NULL),
(118, '9788808721075', '1IE', 'italiano', 1, 0, 0, NULL, NULL),
(119, '9788869644801', '1IE', 'italiano', 1, 0, 0, NULL, NULL),
(120, '9788849421699', '1IE', 'matematica', 1, 0, 1, NULL, NULL),
(121, '9788849421712', '1IE', 'matematica', 1, 0, 1, NULL, NULL),
(122, '9788808520593', '1IE', 'scienze della terra', 1, 0, 1, NULL, NULL),
(123, '9788842114888', '1IE', 'storia', 1, 0, 0, NULL, NULL),
(124, '9788805073641', '1IE', 'tecnologie e tecniche di rappresentazione grafica', 1, 0, 0, NULL, NULL),
(125, '9788805073634', '1IE', 'tecnologie e tecniche di rappresentazione grafica', 1, 0, 0, NULL, NULL),
(126, '9788863648935', '1IE', 'tecnologie informatiche', 1, 0, 0, NULL, NULL),
(127, '9788835047537', '1IE', 'religione', 0, 0, 0, NULL, NULL),
(128, '9788839302809', '1IE', 'scienze motorie e sportive', 0, 0, 0, NULL, NULL),
(129, '9788808269409', '1IF', 'chimica', 1, 0, 0, NULL, NULL),
(130, '9788839526953', '1IF', 'diritto ed economia', 1, 0, 0, NULL, NULL),
(131, '9788863648850', '1IF', 'fisica', 1, 0, 0, NULL, NULL),
(132, '9788849420883', '1IF', 'inglese', 1, 0, 0, NULL, NULL),
(133, '9788883395260', '1IF', 'inglese', 1, 0, 1, NULL, NULL),
(134, '9788808721075', '1IF', 'italiano', 1, 0, 0, NULL, NULL),
(135, '9788869644801', '1IF', 'italiano', 1, 0, 0, NULL, NULL),
(136, '9788849421712', '1IF', 'matematica', 1, 0, 1, NULL, NULL),
(137, '9788849421699', '1IF', 'matematica', 1, 0, 1, NULL, NULL),
(138, '9788808520593', '1IF', 'scienze della terra', 1, 0, 1, NULL, NULL),
(139, '9788842114888', '1IF', 'storia', 1, 0, 0, NULL, NULL),
(140, '9788805073634', '1IF', 'tecnologie e tecniche di rappresentazione grafica', 1, 0, 0, NULL, NULL),
(141, '9788805073641', '1IF', 'tecnologie e tecniche di rappresentazione grafica', 1, 0, 0, NULL, NULL),
(142, '9788863648935', '1IF', 'tecnologie informatiche', 1, 0, 0, NULL, NULL),
(143, '9788835047537', '1IF', 'religione', 0, 0, 0, NULL, NULL),
(144, '9788839302809', '1IF', 'scienze motorie e sportive', 0, 0, 0, NULL, NULL),
(145, '9788808269409', '1IG', 'chimica', 1, 0, 0, NULL, NULL),
(146, '9788839526953', '1IG', 'diritto ed economia', 1, 0, 0, NULL, NULL),
(147, '9788863648850', '1IG', 'fisica', 1, 0, 0, NULL, NULL),
(148, '9788849420883', '1IG', 'inglese', 1, 0, 0, NULL, NULL),
(149, '9788883395260', '1IG', 'inglese', 1, 0, 1, NULL, NULL),
(150, '9788808721075', '1IG', 'italiano', 1, 0, 0, NULL, NULL),
(151, '9788869644801', '1IG', 'italiano', 1, 0, 0, NULL, NULL),
(152, '9788849421712', '1IG', 'matematica', 1, 0, 1, NULL, NULL),
(153, '9788849421699', '1IG', 'matematica', 1, 0, 1, NULL, NULL),
(154, '9788808520593', '1IG', 'scienze della terra', 1, 0, 1, NULL, NULL),
(155, '9788842114888', '1IG', 'storia', 1, 0, 0, NULL, NULL),
(156, '9788805073634', '1IG', 'tecnologie e tecniche di rappresentazione grafica', 1, 0, 0, NULL, NULL),
(157, '9788805073641', '1IG', 'tecnologie e tecniche di rappresentazione grafica', 1, 0, 0, NULL, NULL),
(158, '9788863648935', '1IG', 'tecnologie informatiche', 1, 0, 0, NULL, NULL),
(159, '9788835047537', '1IG', 'religione', 0, 0, 0, NULL, NULL),
(160, '9788839302809', '1IG', 'scienze motorie e sportive', 0, 0, 0, NULL, NULL),
(161, '9788808269409', '1IH', 'chimica', 1, 0, 0, NULL, NULL),
(162, '9788839526953', '1IH', 'diritto ed economia', 1, 0, 0, NULL, NULL),
(163, '9788863648850', '1IH', 'fisica', 1, 0, 0, NULL, NULL),
(164, '9788849420883', '1IH', 'inglese', 1, 0, 0, NULL, NULL),
(165, '9788883395260', '1IH', 'inglese', 1, 0, 1, NULL, NULL),
(166, '9788808721075', '1IH', 'italiano', 1, 0, 0, NULL, NULL),
(167, '9788869644801', '1IH', 'italiano', 1, 0, 0, NULL, NULL),
(168, '9788849421712', '1IH', 'matematica', 1, 0, 1, NULL, NULL),
(169, '9788849421699', '1IH', 'matematica', 1, 0, 1, NULL, NULL),
(170, '9788808520593', '1IH', 'scienze della terra', 1, 0, 1, NULL, NULL),
(171, '9788842114888', '1IH', 'storia', 1, 0, 0, NULL, NULL),
(172, '9788805073634', '1IH', 'tecnologie e tecniche di rappresentazione grafica', 1, 0, 0, NULL, NULL),
(173, '9788805073641', '1IH', 'tecnologie e tecniche di rappresentazione grafica', 1, 0, 0, NULL, NULL),
(174, '9788863648935', '1IH', 'tecnologie informatiche', 1, 0, 0, NULL, NULL),
(175, '9788835047537', '1IH', 'religione', 0, 0, 0, NULL, NULL),
(176, '9788839302809', '1IH', 'scienze motorie e sportive', 0, 0, 0, NULL, NULL),
(177, '9788808269409', '1MA', 'chimica', 1, 0, 0, NULL, NULL),
(178, '9788839526953', '1MA', 'diritto ed economia', 1, 0, 0, NULL, NULL),
(179, '9788863648850', '1MA', 'fisica', 1, 0, 0, NULL, NULL),
(180, '9788883395260', '1MA', 'inglese', 1, 0, 1, NULL, NULL),
(181, '9788849420883', '1MA', 'inglese', 1, 0, 0, NULL, NULL),
(182, '9788808721075', '1MA', 'italiano', 1, 0, 0, NULL, NULL),
(183, '9788869644801', '1MA', 'italiano', 1, 0, 0, NULL, NULL),
(184, '9788849421712', '1MA', 'matematica', 1, 0, 1, NULL, NULL),
(185, '9788849421699', '1MA', 'matematica', 1, 0, 1, NULL, NULL),
(186, '9788808520593', '1MA', 'scienze della terra', 1, 0, 1, NULL, NULL),
(187, '9788842114888', '1MA', 'storia', 1, 0, 0, NULL, NULL),
(188, '9788805073634', '1MA', 'tecnologie e tecniche di rappresentazione grafica', 1, 0, 0, NULL, NULL),
(189, '9788805073641', '1MA', 'tecnologie e tecniche di rappresentazione grafica', 1, 0, 0, NULL, NULL),
(190, '9788863648935', '1MA', 'tecnologie informatiche', 1, 0, 0, NULL, NULL),
(191, '9788835047537', '1MA', 'religione', 0, 0, 0, NULL, NULL),
(192, '9788839302809', '1MA', 'scienze motorie e sportive', 0, 0, 0, NULL, NULL),
(193, '9788808269409', '1MB', 'chimica', 1, 0, 0, NULL, NULL),
(194, '9788839526953', '1MB', 'diritto ed economia', 1, 0, 0, NULL, NULL),
(195, '9788863648850', '1MB', 'fisica', 1, 0, 0, NULL, NULL),
(196, '9788849420883', '1MB', 'inglese', 1, 0, 0, NULL, NULL),
(197, '9788883395260', '1MB', 'inglese', 1, 0, 1, NULL, NULL),
(198, '9788808721075', '1MB', 'italiano', 1, 0, 0, NULL, NULL),
(199, '9788869644801', '1MB', 'italiano', 1, 0, 0, NULL, NULL),
(200, '9788849421712', '1MB', 'matematica', 1, 0, 1, NULL, NULL),
(201, '9788849421699', '1MB', 'matematica', 1, 0, 1, NULL, NULL),
(202, '9788808520593', '1MB', 'scienze della terra', 1, 0, 1, NULL, NULL),
(203, '9788842114888', '1MB', 'storia', 1, 0, 0, NULL, NULL),
(204, '9788805073634', '1MB', 'tecnologie e tecniche di rappresentazione grafica', 1, 0, 0, NULL, NULL),
(205, '9788805073641', '1MB', 'tecnologie e tecniche di rappresentazione grafica', 1, 0, 0, NULL, NULL),
(206, '9788863648935', '1MB', 'tecnologie informatiche', 1, 0, 0, NULL, NULL),
(207, '9788835047537', '1MB', 'religione', 0, 0, 0, NULL, NULL),
(208, '9788839302809', '1MB', 'scienze motorie e sportive', 0, 0, 0, NULL, NULL),
(209, '9788808269409', '1MC', 'chimica', 1, 0, 0, NULL, NULL),
(210, '9788839526953', '1MC', 'diritto ed economia', 1, 0, 0, NULL, NULL),
(211, '9788863648850', '1MC', 'fisica', 1, 0, 0, NULL, NULL),
(212, '9788883395260', '1MC', 'inglese', 1, 0, 1, NULL, NULL),
(213, '9788849420883', '1MC', 'inglese', 1, 0, 0, NULL, NULL),
(214, '9788808721075', '1MC', 'italiano', 1, 0, 0, NULL, NULL),
(215, '9788869644801', '1MC', 'italiano', 1, 0, 0, NULL, NULL),
(216, '9788849421699', '1MC', 'matematica', 1, 0, 1, NULL, NULL),
(217, '9788849421712', '1MC', 'matematica', 1, 0, 1, NULL, NULL),
(218, '9788808520593', '1MC', 'scienze della terra', 1, 0, 1, NULL, NULL),
(219, '9788842114888', '1MC', 'storia', 1, 0, 0, NULL, NULL),
(220, '9788805073641', '1MC', 'tecnologie e tecniche di rappresentazione grafica', 1, 0, 0, NULL, NULL),
(221, '9788805073634', '1MC', 'tecnologie e tecniche di rappresentazione grafica', 1, 0, 0, NULL, NULL),
(222, '9788863648935', '1MC', 'tecnologie informatiche', 1, 0, 0, NULL, NULL),
(223, '9788835047537', '1MC', 'religione', 0, 0, 0, NULL, NULL),
(224, '9788839302809', '1MC', 'scienze motorie e sportive', 0, 0, 0, NULL, NULL),
(225, '9788808269409', '1MD', 'chimica', 1, 0, 0, NULL, NULL),
(226, '9788839526953', '1MD', 'diritto ed economia', 1, 0, 0, NULL, NULL),
(227, '9788863648850', '1MD', 'fisica', 1, 0, 0, NULL, NULL),
(228, '9788849420883', '1MD', 'inglese', 1, 0, 0, NULL, NULL),
(229, '9788883395260', '1MD', 'inglese', 1, 0, 1, NULL, NULL),
(230, '9788808721075', '1MD', 'italiano', 1, 0, 0, NULL, NULL),
(231, '9788869644801', '1MD', 'italiano', 1, 0, 0, NULL, NULL),
(232, '9788849421712', '1MD', 'matematica', 1, 0, 1, NULL, NULL),
(233, '9788849421699', '1MD', 'matematica', 1, 0, 1, NULL, NULL),
(234, '9788808520593', '1MD', 'scienze della terra', 1, 0, 1, NULL, NULL),
(235, '9788842114888', '1MD', 'storia', 1, 0, 0, NULL, NULL),
(236, '9788805073634', '1MD', 'tecnologie e tecniche di rappresentazione grafica', 1, 0, 0, NULL, NULL),
(237, '9788805073641', '1MD', 'tecnologie e tecniche di rappresentazione grafica', 1, 0, 0, NULL, NULL),
(238, '9788863648935', '1MD', 'tecnologie informatiche', 1, 0, 0, NULL, NULL),
(239, '9788835047537', '1MD', 'religione', 0, 0, 0, NULL, NULL),
(240, '9788839302809', '1MD', 'scienze motorie e sportive', 0, 0, 0, NULL, NULL),
(241, '9788808269409', '1ME', 'chimica', 1, 0, 0, NULL, NULL),
(242, '9788839526953', '1ME', 'diritto ed economia', 1, 0, 0, NULL, NULL),
(243, '9788863648850', '1ME', 'fisica', 1, 0, 0, NULL, NULL),
(244, '9788883395260', '1ME', 'inglese', 1, 0, 1, NULL, NULL),
(245, '9788849420883', '1ME', 'inglese', 1, 0, 0, NULL, NULL),
(246, '9788808721075', '1ME', 'italiano', 1, 0, 0, NULL, NULL),
(247, '9788869644801', '1ME', 'italiano', 1, 0, 0, NULL, NULL),
(248, '9788849421712', '1ME', 'matematica', 1, 0, 1, NULL, NULL),
(249, '9788849421699', '1ME', 'matematica', 1, 0, 1, NULL, NULL),
(250, '9788808520593', '1ME', 'scienze della terra', 1, 0, 1, NULL, NULL),
(251, '9788842114888', '1ME', 'storia', 1, 0, 0, NULL, NULL),
(252, '9788805073634', '1ME', 'tecnologie e tecniche di rappresentazione grafica', 1, 0, 0, NULL, NULL),
(253, '9788805073641', '1ME', 'tecnologie e tecniche di rappresentazione grafica', 1, 0, 0, NULL, NULL),
(254, '9788863648935', '1ME', 'tecnologie informatiche', 1, 0, 0, NULL, NULL),
(255, '9788835047537', '1ME', 'religione', 0, 0, 0, NULL, NULL),
(256, '9788839302809', '1ME', 'scienze motorie e sportive', 0, 0, 0, NULL, NULL),
(257, '9788808269409', '1MF', 'chimica', 1, 0, 0, NULL, NULL),
(258, '9788839526953', '1MF', 'diritto ed economia', 1, 0, 0, NULL, NULL),
(259, '9788863648850', '1MF', 'fisica', 1, 0, 0, NULL, NULL),
(260, '9788849420883', '1MF', 'inglese', 1, 0, 0, NULL, NULL),
(261, '9788883395260', '1MF', 'inglese', 1, 0, 1, NULL, NULL),
(262, '9788808721075', '1MF', 'italiano', 1, 0, 0, NULL, NULL),
(263, '9788869644801', '1MF', 'italiano', 1, 0, 0, NULL, NULL),
(264, '9788849421712', '1MF', 'matematica', 1, 0, 1, NULL, NULL),
(265, '9788849421699', '1MF', 'matematica', 1, 0, 1, NULL, NULL),
(266, '9788808520593', '1MF', 'scienze della terra', 1, 0, 1, NULL, NULL),
(267, '9788842114888', '1MF', 'storia', 1, 0, 0, NULL, NULL),
(268, '9788805073634', '1MF', 'tecnologie e tecniche di rappresentazione grafica', 1, 0, 0, NULL, NULL),
(269, '9788805073641', '1MF', 'tecnologie e tecniche di rappresentazione grafica', 1, 0, 0, NULL, NULL),
(270, '9788863648935', '1MF', 'tecnologie informatiche', 1, 0, 0, NULL, NULL),
(271, '9788835047537', '1MF', 'religione', 0, 0, 0, NULL, NULL),
(272, '9788839302809', '1MF', 'scienze motorie e sportive', 0, 0, 0, NULL, NULL),
(273, '9788808269409', '1MG', 'chimica', 1, 0, 0, NULL, NULL),
(274, '9788839526953', '1MG', 'diritto ed economia', 1, 0, 0, NULL, NULL),
(275, '9788863648850', '1MG', 'fisica', 1, 0, 0, NULL, NULL),
(276, '9788849420883', '1MG', 'inglese', 1, 0, 0, NULL, NULL),
(277, '9788883395260', '1MG', 'inglese', 1, 0, 1, NULL, NULL),
(278, '9788808721075', '1MG', 'italiano', 1, 0, 0, NULL, NULL),
(279, '9788869644801', '1MG', 'italiano', 1, 0, 0, NULL, NULL),
(280, '9788849421712', '1MG', 'matematica', 1, 0, 1, NULL, NULL),
(281, '9788849421699', '1MG', 'matematica', 1, 0, 1, NULL, NULL),
(282, '9788808520593', '1MG', 'scienze della terra', 1, 0, 1, NULL, NULL),
(283, '9788842114888', '1MG', 'storia', 1, 0, 0, NULL, NULL),
(284, '9788805073634', '1MG', 'tecnologie e tecniche di rappresentazione grafica', 1, 0, 0, NULL, NULL),
(285, '9788805073641', '1MG', 'tecnologie e tecniche di rappresentazione grafica', 1, 0, 0, NULL, NULL),
(286, '9788863648935', '1MG', 'tecnologie informatiche', 1, 0, 0, NULL, NULL),
(287, '9788835047537', '1MG', 'religione', 0, 0, 0, NULL, NULL),
(288, '9788839302809', '1MG', 'scienze motorie e sportive', 0, 0, 0, NULL, NULL),
(289, '9788808269409', '1MT', 'chimica', 1, 0, 0, NULL, NULL),
(290, '9788839526953', '1MT', 'diritto ed economia', 1, 0, 0, NULL, NULL),
(291, '9788863648850', '1MT', 'fisica', 1, 0, 0, NULL, NULL),
(292, '9788849420883', '1MT', 'inglese', 1, 0, 0, NULL, NULL),
(293, '9788883395260', '1MT', 'inglese', 1, 0, 1, NULL, NULL),
(294, '9788808721075', '1MT', 'italiano', 1, 0, 0, NULL, NULL),
(295, '9788869644801', '1MT', 'italiano', 1, 0, 0, NULL, NULL),
(296, '9788849421712', '1MT', 'matematica', 1, 0, 1, NULL, NULL),
(297, '9788849421699', '1MT', 'matematica', 1, 0, 1, NULL, NULL),
(298, '9788808520593', '1MT', 'scienze della terra', 1, 0, 1, NULL, NULL),
(299, '9788842114888', '1MT', 'storia', 1, 0, 0, NULL, NULL),
(300, '9788805073634', '1MT', 'tecnologie e tecniche di rappresentazione grafica', 1, 0, 0, NULL, NULL),
(301, '9788805073641', '1MT', 'tecnologie e tecniche di rappresentazione grafica', 1, 0, 0, NULL, NULL),
(302, '9788863648935', '1MT', 'tecnologie informatiche', 1, 0, 0, NULL, NULL),
(303, '9788835047537', '1MT', 'religione', 0, 0, 0, NULL, NULL),
(304, '9788839302809', '1MT', 'scienze motorie e sportive', 0, 0, 0, NULL, NULL),
(305, '9788808269409', '1TI', 'chimica', 1, 0, 0, NULL, NULL),
(306, '9788839526953', '1TI', 'diritto ed economia', 1, 0, 0, NULL, NULL),
(307, '9788863648850', '1TI', 'fisica', 1, 0, 0, NULL, NULL),
(308, '9788849420883', '1TI', 'inglese', 1, 0, 0, NULL, NULL),
(309, '9788883395260', '1TI', 'inglese', 1, 0, 1, NULL, NULL),
(310, '9788808721075', '1TI', 'italiano', 1, 0, 0, NULL, NULL),
(311, '9788869644801', '1TI', 'italiano', 1, 0, 0, NULL, NULL),
(312, '9788849421712', '1TI', 'matematica', 1, 0, 1, NULL, NULL),
(313, '9788849421699', '1TI', 'matematica', 1, 0, 1, NULL, NULL),
(314, '9788808520593', '1TI', 'scienze della terra', 1, 0, 1, NULL, NULL),
(315, '9788842114888', '1TI', 'storia', 1, 0, 0, NULL, NULL),
(316, '9788805073634', '1TI', 'tecnologie e tecniche di rappresentazione grafica', 1, 0, 0, NULL, NULL),
(317, '9788805073641', '1TI', 'tecnologie e tecniche di rappresentazione grafica', 1, 0, 0, NULL, NULL),
(318, '9788863648935', '1TI', 'tecnologie informatiche', 1, 0, 0, NULL, NULL),
(319, '9788835047537', '1TI', 'religione', 0, 0, 0, NULL, NULL),
(320, '9788839302809', '1TI', 'scienze motorie e sportive', 0, 0, 0, NULL, NULL),
(321, '9788863649611', '2EA', 'biologia', 1, 0, 0, NULL, NULL),
(322, '9788851128272', '2EA', 'geografia', 1, 0, 0, NULL, NULL),
(323, '9788808592095', '2EA', 'italiano', 1, 0, 0, NULL, NULL),
(324, '9788849419153', '2EA', 'matematica', 1, 0, 0, NULL, NULL),
(325, '9788835047537', '2EA', 'religione', 1, 0, 0, NULL, NULL),
(326, '9788820372729', '2EA', 'scienze e tecnologie applicate', 1, 0, 0, NULL, NULL),
(327, '9788842114895', '2EA', 'storia', 1, 0, 0, NULL, NULL),
(328, '9788808269409', '2EA', 'chimica', 0, 0, 0, NULL, NULL),
(329, '9788839526953', '2EA', 'diritto ed economia', 0, 0, 0, NULL, NULL),
(330, '9788863648850', '2EA', 'fisica', 0, 0, 0, NULL, NULL),
(331, '9788883392481', '2EA', 'inglese', 0, 0, 0, NULL, NULL),
(332, '9788849420883', '2EA', 'inglese', 0, 0, 0, NULL, NULL),
(333, '9788869644801', '2EA', 'italiano', 0, 0, 0, NULL, NULL),
(334, '9788849419160', '2EA', 'matematica', 0, 0, 0, NULL, NULL),
(335, '9788839302809', '2EA', 'scienze motorie e sportive', 0, 0, 0, NULL, NULL),
(336, '9788805073641', '2EA', 'tecnologie e tecniche di rappresentazione grafica', 0, 0, 0, NULL, NULL),
(337, '9788805073634', '2EA', 'tecnologie e tecniche di rappresentazione grafica', 0, 0, 0, NULL, NULL),
(338, '9788863649611', '2EB', 'biologia', 1, 0, 0, NULL, NULL),
(339, '9788851128272', '2EB', 'geografia', 1, 0, 0, NULL, NULL),
(340, '9788808592095', '2EB', 'italiano', 1, 0, 0, NULL, NULL),
(341, '9788849419153', '2EB', 'matematica', 1, 0, 0, NULL, NULL),
(342, '9788835047537', '2EB', 'religione', 1, 0, 0, NULL, NULL),
(343, '9788820372729', '2EB', 'scienze e tecnologie applicate', 1, 0, 0, NULL, NULL),
(344, '9788842114895', '2EB', 'storia', 1, 0, 0, NULL, NULL),
(345, '9788808269409', '2EB', 'chimica', 0, 0, 0, NULL, NULL),
(346, '9788839526953', '2EB', 'diritto ed economia', 0, 0, 0, NULL, NULL),
(347, '9788863648850', '2EB', 'fisica', 0, 0, 0, NULL, NULL),
(348, '9788883392481', '2EB', 'inglese', 0, 0, 0, NULL, NULL),
(349, '9788849420883', '2EB', 'inglese', 0, 0, 0, NULL, NULL),
(350, '9788869644801', '2EB', 'italiano', 0, 0, 0, NULL, NULL),
(351, '9788849419160', '2EB', 'matematica', 0, 0, 0, NULL, NULL),
(352, '9788839302809', '2EB', 'scienze motorie e sportive', 0, 0, 0, NULL, NULL),
(353, '9788805073634', '2EB', 'tecnologie e tecniche di rappresentazione grafica', 0, 0, 0, NULL, NULL),
(354, '9788805073641', '2EB', 'tecnologie e tecniche di rappresentazione grafica', 0, 0, 0, NULL, NULL),
(355, '9788863649611', '2EC', 'biologia', 1, 0, 0, NULL, NULL),
(356, '9788851128272', '2EC', 'geografia', 1, 0, 0, NULL, NULL),
(357, '9788808592095', '2EC', 'italiano', 1, 0, 0, NULL, NULL),
(358, '9788849419153', '2EC', 'matematica', 1, 0, 0, NULL, NULL),
(359, '9788835047537', '2EC', 'religione', 1, 0, 0, NULL, NULL),
(360, '9788820372729', '2EC', 'scienze e tecnologie applicate', 1, 0, 0, NULL, NULL),
(361, '9788842114895', '2EC', 'storia', 1, 0, 0, NULL, NULL),
(362, '9788808269409', '2EC', 'chimica', 0, 0, 0, NULL, NULL),
(363, '9788839526953', '2EC', 'diritto ed economia', 0, 0, 0, NULL, NULL),
(364, '9788863648850', '2EC', 'fisica', 0, 0, 0, NULL, NULL),
(365, '9788849420883', '2EC', 'inglese', 0, 0, 0, NULL, NULL),
(366, '9788883392481', '2EC', 'inglese', 0, 0, 0, NULL, NULL),
(367, '9788869644801', '2EC', 'italiano', 0, 0, 0, NULL, NULL),
(368, '9788849419160', '2EC', 'matematica', 0, 0, 0, NULL, NULL),
(369, '9788839302809', '2EC', 'scienze motorie e sportive', 0, 0, 0, NULL, NULL),
(370, '9788805073634', '2EC', 'tecnologie e tecniche di rappresentazione grafica', 0, 0, 0, NULL, NULL),
(371, '9788805073641', '2EC', 'tecnologie e tecniche di rappresentazione grafica', 0, 0, 0, NULL, NULL),
(372, '9788863649611', '2IA', 'biologia', 1, 0, 0, NULL, NULL),
(373, '9788851128272', '2IA', 'geografia', 1, 0, 0, NULL, NULL),
(374, '9788808592095', '2IA', 'italiano', 1, 0, 0, NULL, NULL),
(375, '9788849419153', '2IA', 'matematica', 1, 0, 0, NULL, NULL),
(376, '9788835047537', '2IA', 'religione', 1, 0, 0, NULL, NULL),
(377, '9788820372729', '2IA', 'scienze e tecnologie applicate', 1, 0, 0, NULL, NULL),
(378, '9788842114895', '2IA', 'storia', 1, 0, 0, NULL, NULL),
(379, '9788808269409', '2IA', 'chimica', 0, 0, 0, NULL, NULL),
(380, '9788839526953', '2IA', 'diritto ed economia', 0, 0, 0, NULL, NULL),
(381, '9788863648850', '2IA', 'fisica', 0, 0, 0, NULL, NULL),
(382, '9788883392481', '2IA', 'inglese', 0, 0, 0, NULL, NULL),
(383, '9788849420883', '2IA', 'inglese', 0, 0, 0, NULL, NULL),
(384, '9788869644801', '2IA', 'italiano', 0, 0, 0, NULL, NULL),
(385, '9788849419160', '2IA', 'matematica', 0, 0, 0, NULL, NULL),
(386, '9788839302809', '2IA', 'scienze motorie e sportive', 0, 0, 0, NULL, NULL),
(387, '9788805073634', '2IA', 'tecnologie e tecniche di rappresentazione grafica', 0, 0, 0, NULL, NULL),
(388, '9788805073641', '2IA', 'tecnologie e tecniche di rappresentazione grafica', 0, 0, 0, NULL, NULL),
(389, '9788863649611', '2IB', 'biologia', 1, 0, 0, NULL, NULL),
(390, '9788851128272', '2IB', 'geografia', 1, 0, 0, NULL, NULL),
(391, '9788808592095', '2IB', 'italiano', 1, 0, 0, NULL, NULL),
(392, '9788849419153', '2IB', 'matematica', 1, 0, 0, NULL, NULL),
(393, '9788835047537', '2IB', 'religione', 1, 0, 0, NULL, NULL),
(394, '9788820372729', '2IB', 'scienze e tecnologie applicate', 1, 0, 0, NULL, NULL),
(395, '9788842114895', '2IB', 'storia', 1, 0, 0, NULL, NULL),
(396, '9788808269409', '2IB', 'chimica', 0, 0, 0, NULL, NULL),
(397, '9788839526953', '2IB', 'diritto ed economia', 0, 0, 0, NULL, NULL),
(398, '9788863648850', '2IB', 'fisica', 0, 0, 0, NULL, NULL),
(399, '9788883392481', '2IB', 'inglese', 0, 0, 0, NULL, NULL),
(400, '9788849420883', '2IB', 'inglese', 0, 0, 0, NULL, NULL),
(401, '9788869644801', '2IB', 'italiano', 0, 0, 0, NULL, NULL),
(402, '9788849419160', '2IB', 'matematica', 0, 0, 0, NULL, NULL),
(403, '9788839302809', '2IB', 'scienze motorie e sportive', 0, 0, 0, NULL, NULL),
(404, '9788805073641', '2IB', 'tecnologie e tecniche di rappresentazione grafica', 0, 0, 0, NULL, NULL),
(405, '9788805073634', '2IB', 'tecnologie e tecniche di rappresentazione grafica', 0, 0, 0, NULL, NULL),
(406, '9788863649611', '2IC', 'biologia', 1, 0, 0, NULL, NULL),
(407, '9788851128272', '2IC', 'geografia', 1, 0, 0, NULL, NULL),
(408, '9788808592095', '2IC', 'italiano', 1, 0, 0, NULL, NULL),
(409, '9788849419153', '2IC', 'matematica', 1, 0, 0, NULL, NULL),
(410, '9788835047537', '2IC', 'religione', 1, 0, 0, NULL, NULL),
(411, '9788820372729', '2IC', 'scienze e tecnologie applicate', 1, 0, 0, NULL, NULL),
(412, '9788842114895', '2IC', 'storia', 1, 0, 0, NULL, NULL),
(413, '9788808269409', '2IC', 'chimica', 0, 0, 0, NULL, NULL),
(414, '9788839526953', '2IC', 'diritto ed economia', 0, 0, 0, NULL, NULL),
(415, '9788863648850', '2IC', 'fisica', 0, 0, 0, NULL, NULL),
(416, '9788883392481', '2IC', 'inglese', 0, 0, 0, NULL, NULL),
(417, '9788849420883', '2IC', 'inglese', 0, 0, 0, NULL, NULL),
(418, '9788869644801', '2IC', 'italiano', 0, 0, 0, NULL, NULL),
(419, '9788849419160', '2IC', 'matematica', 0, 0, 0, NULL, NULL),
(420, '9788839302809', '2IC', 'scienze motorie e sportive', 0, 0, 0, NULL, NULL),
(421, '9788805073634', '2IC', 'tecnologie e tecniche di rappresentazione grafica', 0, 0, 0, NULL, NULL),
(422, '9788805073641', '2IC', 'tecnologie e tecniche di rappresentazione grafica', 0, 0, 0, NULL, NULL),
(423, '9788863649611', '2ID', 'biologia', 1, 0, 0, NULL, NULL),
(424, '9788851128272', '2ID', 'geografia', 1, 0, 0, NULL, NULL),
(425, '9788808592095', '2ID', 'italiano', 1, 0, 0, NULL, NULL),
(426, '9788849419153', '2ID', 'matematica', 1, 0, 0, NULL, NULL),
(427, '9788835047537', '2ID', 'religione', 1, 0, 0, NULL, NULL),
(428, '9788820372729', '2ID', 'scienze e tecnologie applicate', 1, 0, 0, NULL, NULL),
(429, '9788842114895', '2ID', 'storia', 1, 0, 0, NULL, NULL),
(430, '9788808269409', '2ID', 'chimica', 0, 0, 0, NULL, NULL),
(431, '9788839526953', '2ID', 'diritto ed economia', 0, 0, 0, NULL, NULL),
(432, '9788863648850', '2ID', 'fisica', 0, 0, 0, NULL, NULL),
(433, '9788883392481', '2ID', 'inglese', 0, 0, 0, NULL, NULL),
(434, '9788849420883', '2ID', 'inglese', 0, 0, 0, NULL, NULL),
(435, '9788869644801', '2ID', 'italiano', 0, 0, 0, NULL, NULL),
(436, '9788849419160', '2ID', 'matematica', 0, 0, 0, NULL, NULL),
(437, '9788839302809', '2ID', 'scienze motorie e sportive', 0, 0, 0, NULL, NULL),
(438, '9788805073641', '2ID', 'tecnologie e tecniche di rappresentazione grafica', 0, 0, 0, NULL, NULL),
(439, '9788805073634', '2ID', 'tecnologie e tecniche di rappresentazione grafica', 0, 0, 0, NULL, NULL),
(440, '9788863649611', '2IE', 'biologia', 1, 0, 0, NULL, NULL),
(441, '9788851128272', '2IE', 'geografia', 1, 0, 0, NULL, NULL),
(442, '9788808592095', '2IE', 'italiano', 1, 0, 0, NULL, NULL),
(443, '9788849419153', '2IE', 'matematica', 1, 0, 0, NULL, NULL),
(444, '9788835047537', '2IE', 'religione', 1, 0, 0, NULL, NULL),
(445, '9788820372729', '2IE', 'scienze e tecnologie applicate', 1, 0, 0, NULL, NULL),
(446, '9788842114895', '2IE', 'storia', 1, 0, 0, NULL, NULL),
(447, '9788808269409', '2IE', 'chimica', 0, 0, 0, NULL, NULL),
(448, '9788839526953', '2IE', 'diritto ed economia', 0, 0, 0, NULL, NULL),
(449, '9788863648850', '2IE', 'fisica', 0, 0, 0, NULL, NULL),
(450, '9788883392481', '2IE', 'inglese', 0, 0, 0, NULL, NULL),
(451, '9788849420883', '2IE', 'inglese', 0, 0, 0, NULL, NULL),
(452, '9788869644801', '2IE', 'italiano', 0, 0, 0, NULL, NULL),
(453, '9788849419160', '2IE', 'matematica', 0, 0, 0, NULL, NULL),
(454, '9788839302809', '2IE', 'scienze motorie e sportive', 0, 0, 0, NULL, NULL),
(455, '9788805073634', '2IE', 'tecnologie e tecniche di rappresentazione grafica', 0, 0, 0, NULL, NULL),
(456, '9788805073641', '2IE', 'tecnologie e tecniche di rappresentazione grafica', 0, 0, 0, NULL, NULL),
(457, '9788863649611', '2IF', 'biologia', 1, 0, 0, NULL, NULL),
(458, '9788851128272', '2IF', 'geografia', 1, 0, 0, NULL, NULL),
(459, '9788808592095', '2IF', 'italiano', 1, 0, 0, NULL, NULL),
(460, '9788849419153', '2IF', 'matematica', 1, 0, 0, NULL, NULL),
(461, '9788835047537', '2IF', 'religione', 1, 0, 0, NULL, NULL),
(462, '9788820372729', '2IF', 'scienze e tecnologie applicate', 1, 0, 0, NULL, NULL),
(463, '9788842114895', '2IF', 'storia', 1, 0, 0, NULL, NULL),
(464, '9788808269409', '2IF', 'chimica', 0, 0, 0, NULL, NULL),
(465, '9788839526953', '2IF', 'diritto ed economia', 0, 0, 0, NULL, NULL),
(466, '9788863648850', '2IF', 'fisica', 0, 0, 0, NULL, NULL),
(467, '9788849420883', '2IF', 'inglese', 0, 0, 0, NULL, NULL),
(468, '9788883392481', '2IF', 'inglese', 0, 0, 0, NULL, NULL),
(469, '9788869644801', '2IF', 'italiano', 0, 0, 0, NULL, NULL),
(470, '9788849419160', '2IF', 'matematica', 0, 0, 0, NULL, NULL),
(471, '9788839302809', '2IF', 'scienze motorie e sportive', 0, 0, 0, NULL, NULL),
(472, '9788805073634', '2IF', 'tecnologie e tecniche di rappresentazione grafica', 0, 0, 0, NULL, NULL),
(473, '9788805073641', '2IF', 'tecnologie e tecniche di rappresentazione grafica', 0, 0, 0, NULL, NULL),
(474, '9788863649611', '2MA', 'biologia', 1, 0, 0, NULL, NULL),
(475, '9788851128272', '2MA', 'geografia', 1, 0, 0, NULL, NULL),
(476, '9788808592095', '2MA', 'italiano', 1, 0, 0, NULL, NULL),
(477, '9788849419153', '2MA', 'matematica', 1, 0, 0, NULL, NULL),
(478, '9788835047537', '2MA', 'religione', 1, 0, 0, NULL, NULL),
(479, '9788820372729', '2MA', 'scienze e tecnologie applicate', 1, 0, 0, NULL, NULL),
(480, '9788842114895', '2MA', 'storia', 1, 0, 0, NULL, NULL),
(481, '9788808269409', '2MA', 'chimica', 0, 0, 0, NULL, NULL),
(482, '9788839526953', '2MA', 'diritto ed economia', 0, 0, 0, NULL, NULL),
(483, '9788863648850', '2MA', 'fisica', 0, 0, 0, NULL, NULL),
(484, '9788883392481', '2MA', 'inglese', 0, 0, 0, NULL, NULL),
(485, '9788849420883', '2MA', 'inglese', 0, 0, 0, NULL, NULL),
(486, '9788869644801', '2MA', 'italiano', 0, 0, 0, NULL, NULL),
(487, '9788849419160', '2MA', 'matematica', 0, 0, 0, NULL, NULL),
(488, '9788839302809', '2MA', 'scienze motorie e sportive', 0, 0, 0, NULL, NULL),
(489, '9788805073634', '2MA', 'tecnologie e tecniche di rappresentazione grafica', 0, 0, 0, NULL, NULL),
(490, '9788805073641', '2MA', 'tecnologie e tecniche di rappresentazione grafica', 0, 0, 0, NULL, NULL),
(491, '9788863649611', '2MB', 'biologia', 1, 0, 0, NULL, NULL),
(492, '9788851128272', '2MB', 'geografia', 1, 0, 0, NULL, NULL),
(493, '9788808592095', '2MB', 'italiano', 1, 0, 0, NULL, NULL),
(494, '9788849419153', '2MB', 'matematica', 1, 0, 0, NULL, NULL),
(495, '9788835047537', '2MB', 'religione', 1, 0, 0, NULL, NULL),
(496, '9788820372729', '2MB', 'scienze e tecnologie applicate', 1, 0, 0, NULL, NULL),
(497, '9788842114895', '2MB', 'storia', 1, 0, 0, NULL, NULL),
(498, '9788808269409', '2MB', 'chimica', 0, 0, 0, NULL, NULL),
(499, '9788839526953', '2MB', 'diritto ed economia', 0, 0, 0, NULL, NULL),
(500, '9788863648850', '2MB', 'fisica', 0, 0, 0, NULL, NULL),
(501, '9788849420883', '2MB', 'inglese', 0, 0, 0, NULL, NULL),
(502, '9788883392481', '2MB', 'inglese', 0, 0, 0, NULL, NULL),
(503, '9788869644801', '2MB', 'italiano', 0, 0, 0, NULL, NULL),
(504, '9788849419160', '2MB', 'matematica', 0, 0, 0, NULL, NULL),
(505, '9788839302809', '2MB', 'scienze motorie e sportive', 0, 0, 0, NULL, NULL),
(506, '9788805073641', '2MB', 'tecnologie e tecniche di rappresentazione grafica', 0, 0, 0, NULL, NULL),
(507, '9788805073634', '2MB', 'tecnologie e tecniche di rappresentazione grafica', 0, 0, 0, NULL, NULL),
(508, '9788863649611', '2MC', 'biologia', 1, 0, 0, NULL, NULL),
(509, '9788851128272', '2MC', 'geografia', 1, 0, 0, NULL, NULL),
(510, '9788808592095', '2MC', 'italiano', 1, 0, 0, NULL, NULL),
(511, '9788849419153', '2MC', 'matematica', 1, 0, 0, NULL, NULL),
(512, '9788835047537', '2MC', 'religione', 1, 0, 0, NULL, NULL),
(513, '9788820372729', '2MC', 'scienze e tecnologie applicate', 1, 0, 0, NULL, NULL),
(514, '9788842114895', '2MC', 'storia', 1, 0, 0, NULL, NULL),
(515, '9788808269409', '2MC', 'chimica', 0, 0, 0, NULL, NULL),
(516, '9788839526953', '2MC', 'diritto ed economia', 0, 0, 0, NULL, NULL),
(517, '9788863648850', '2MC', 'fisica', 0, 0, 0, NULL, NULL),
(518, '9788883392481', '2MC', 'inglese', 0, 0, 0, NULL, NULL),
(519, '9788849420883', '2MC', 'inglese', 0, 0, 0, NULL, NULL),
(520, '9788869644801', '2MC', 'italiano', 0, 0, 0, NULL, NULL),
(521, '9788849419160', '2MC', 'matematica', 0, 0, 0, NULL, NULL),
(522, '9788839302809', '2MC', 'scienze motorie e sportive', 0, 0, 0, NULL, NULL),
(523, '9788805073634', '2MC', 'tecnologie e tecniche di rappresentazione grafica', 0, 0, 0, NULL, NULL),
(524, '9788805073641', '2MC', 'tecnologie e tecniche di rappresentazione grafica', 0, 0, 0, NULL, NULL),
(525, '9788863649611', '2MD', 'biologia', 1, 0, 0, NULL, NULL),
(526, '9788851128272', '2MD', 'geografia', 1, 0, 0, NULL, NULL),
(527, '9788808592095', '2MD', 'italiano', 1, 0, 0, NULL, NULL),
(528, '9788849419153', '2MD', 'matematica', 1, 0, 0, NULL, NULL),
(529, '9788835047537', '2MD', 'religione', 1, 0, 0, NULL, NULL),
(530, '9788820372729', '2MD', 'scienze e tecnologie applicate', 1, 0, 0, NULL, NULL),
(531, '9788842114895', '2MD', 'storia', 1, 0, 0, NULL, NULL),
(532, '9788808269409', '2MD', 'chimica', 0, 0, 0, NULL, NULL),
(533, '9788839526953', '2MD', 'diritto ed economia', 0, 0, 0, NULL, NULL),
(534, '9788863648850', '2MD', 'fisica', 0, 0, 0, NULL, NULL),
(535, '9788849420883', '2MD', 'inglese', 0, 0, 0, NULL, NULL),
(536, '9788883392481', '2MD', 'inglese', 0, 0, 0, NULL, NULL),
(537, '9788869644801', '2MD', 'italiano', 0, 0, 0, NULL, NULL),
(538, '9788849419160', '2MD', 'matematica', 0, 0, 0, NULL, NULL),
(539, '9788839302809', '2MD', 'scienze motorie e sportive', 0, 0, 0, NULL, NULL),
(540, '9788805073634', '2MD', 'tecnologie e tecniche di rappresentazione grafica', 0, 0, 0, NULL, NULL),
(541, '9788805073641', '2MD', 'tecnologie e tecniche di rappresentazione grafica', 0, 0, 0, NULL, NULL),
(542, '9788863649611', '2MT', 'biologia', 1, 0, 0, NULL, NULL),
(543, '9788851128272', '2MT', 'geografia', 1, 0, 0, NULL, NULL),
(544, '9788808592095', '2MT', 'italiano', 1, 0, 0, NULL, NULL),
(545, '9788849419153', '2MT', 'matematica', 1, 0, 0, NULL, NULL),
(546, '9788835047537', '2MT', 'religione', 1, 0, 0, NULL, NULL),
(547, '9788820372729', '2MT', 'scienze e tecnologie applicate', 1, 0, 0, NULL, NULL),
(548, '9788842114895', '2MT', 'storia', 1, 0, 0, NULL, NULL),
(549, '9788808269409', '2MT', 'chimica', 0, 0, 0, NULL, NULL),
(550, '9788839526953', '2MT', 'diritto ed economia', 0, 0, 0, NULL, NULL),
(551, '9788863648850', '2MT', 'fisica', 0, 0, 0, NULL, NULL),
(552, '9788883392481', '2MT', 'inglese', 0, 0, 0, NULL, NULL),
(553, '9788849420883', '2MT', 'inglese', 0, 0, 0, NULL, NULL),
(554, '9788869644801', '2MT', 'italiano', 0, 0, 0, NULL, NULL),
(555, '9788849419160', '2MT', 'matematica', 0, 0, 0, NULL, NULL),
(556, '9788839302809', '2MT', 'scienze motorie e sportive', 0, 0, 0, NULL, NULL),
(557, '9788805073634', '2MT', 'tecnologie e tecniche di rappresentazione grafica', 0, 0, 0, NULL, NULL),
(558, '9788805073641', '2MT', 'tecnologie e tecniche di rappresentazione grafica', 0, 0, 0, NULL, NULL),
(559, '9788820366261', '3EA', 'elettrotecnica ed elettronica', 1, 0, 0, NULL, NULL),
(560, '9788808812568', '3EA', 'inglese', 1, 0, 1, NULL, NULL),
(561, '9788839536440', '3EA', 'italiano', 1, 0, 1, NULL, NULL),
(562, '9788849420227', '3EA', 'matematica', 1, 0, 0, NULL, NULL),
(563, '9788820366322', '3EA', 'sistemi automatici', 1, 0, 0, NULL, NULL),
(564, '9788822173386', '3EA', 'storia', 1, 0, 0, NULL, NULL),
(565, '9788820366643', '3EA', 'tecnologie e progettazione di sistemi elettrici ed elettronici', 1, 0, 0, NULL, NULL),
(566, '9788849420883', '3EA', 'inglese', 0, 0, 0, NULL, NULL),
(567, '9788835047537', '3EA', 'religione', 0, 0, 0, NULL, NULL),
(568, '9788839302809', '3EA', 'scienze motorie e sportive', 0, 0, 0, NULL, NULL),
(569, '9788820366261', '3EB', 'elettrotecnica ed elettronica', 1, 0, 0, NULL, NULL),
(570, '9788808812568', '3EB', 'inglese', 1, 0, 1, NULL, NULL),
(571, '9788839536440', '3EB', 'italiano', 1, 0, 1, NULL, NULL),
(572, '9788849420227', '3EB', 'matematica', 1, 0, 0, NULL, NULL),
(573, '9788820366322', '3EB', 'sistemi automatici', 1, 0, 0, NULL, NULL),
(574, '9788822173386', '3EB', 'storia', 1, 0, 0, NULL, NULL),
(575, '9788820366643', '3EB', 'tecnologie e progettazione di sistemi elettrici ed elettronici', 1, 0, 0, NULL, NULL),
(576, '9788849420883', '3EB', 'inglese', 0, 0, 0, NULL, NULL),
(577, '9788835047537', '3EB', 'religione', 0, 0, 0, NULL, NULL),
(578, '9788839302809', '3EB', 'scienze motorie e sportive', 0, 0, 0, NULL, NULL),
(579, '9788884881182', '3EC', 'elettrotecnica ed elettronica', 1, 0, 0, NULL, NULL),
(580, '9788808812568', '3EC', 'inglese', 1, 0, 1, NULL, NULL),
(581, '9788839536440', '3EC', 'italiano', 1, 0, 1, NULL, NULL),
(582, '9788849420227', '3EC', 'matematica', 1, 0, 0, NULL, NULL),
(583, '9788826818184', '3EC', 'scienze e tecnologie applicate', 1, 0, 0, NULL, NULL),
(584, '9788820366322', '3EC', 'sistemi automatici', 1, 0, 0, NULL, NULL),
(585, '9788822173386', '3EC', 'storia', 1, 0, 0, NULL, NULL),
(586, '9788849420883', '3EC', 'inglese', 0, 0, 0, NULL, NULL),
(587, '9788835047537', '3EC', 'religione', 0, 0, 0, NULL, NULL),
(588, '9788839302809', '3EC', 'scienze motorie e sportive', 0, 0, 0, NULL, NULL),
(589, '9788808812568', '3IA', 'inglese', 1, 0, 1, NULL, NULL),
(590, '9788839536440', '3IA', 'italiano', 1, 0, 1, NULL, NULL),
(591, '9788849420227', '3IA', 'matematica', 1, 0, 0, NULL, NULL),
(592, '9788820388737', '3IA', 'sistemi e reti', 1, 0, 1, NULL, NULL),
(593, '9788822173386', '3IA', 'storia', 1, 0, 0, NULL, NULL),
(594, '9788820388584', '3IA', 'tecnologie e progettazione di sistemi informatici e di telecomunicazioni', 1, 0, 1, NULL, NULL),
(595, '9788884882615', '3IA', 'telecomunicazioni', 1, 0, 0, NULL, NULL),
(596, '9788849420883', '3IA', 'inglese', 0, 0, 0, NULL, NULL),
(597, '9788835047537', '3IA', 'religione', 0, 0, 0, NULL, NULL),
(598, '9788839302809', '3IA', 'scienze motorie e sportive', 0, 0, 0, NULL, NULL),
(599, '9788808520937', '3IB', 'informatica', 1, 0, 0, NULL, NULL),
(600, '9788808812568', '3IB', 'inglese', 1, 0, 1, NULL, NULL),
(601, '9788839536440', '3IB', 'italiano', 1, 0, 1, NULL, NULL),
(602, '9788849420227', '3IB', 'matematica', 1, 0, 0, NULL, NULL),
(603, '9788820388737', '3IB', 'sistemi e reti', 1, 0, 1, NULL, NULL),
(604, '9788822173386', '3IB', 'storia', 1, 0, 0, NULL, NULL),
(605, '9788820388584', '3IB', 'tecnologie e progettazione di sistemi informatici e di telecomunicazioni', 1, 0, 1, NULL, NULL),
(606, '9788884882615', '3IB', 'telecomunicazioni', 1, 0, 0, NULL, NULL),
(607, '9788849420883', '3IB', 'inglese', 0, 0, 0, NULL, NULL),
(608, '9788835047537', '3IB', 'religione', 0, 0, 0, NULL, NULL),
(609, '9788839302809', '3IB', 'scienze motorie e sportive', 0, 0, 0, NULL, NULL),
(610, '9788808520937', '3IC', 'informatica', 1, 0, 0, NULL, NULL),
(611, '9788808812568', '3IC', 'inglese', 1, 0, 1, NULL, NULL),
(612, '9788839536440', '3IC', 'italiano', 1, 0, 1, NULL, NULL),
(613, '9788849420227', '3IC', 'matematica', 1, 0, 0, NULL, NULL),
(614, '9788820388737', '3IC', 'sistemi e reti', 1, 0, 1, NULL, NULL),
(615, '9788822173386', '3IC', 'storia', 1, 0, 0, NULL, NULL),
(616, '9788820388584', '3IC', 'tecnologie e progettazione di sistemi informatici e di telecomunicazioni', 1, 0, 1, NULL, NULL),
(617, '9788884882615', '3IC', 'telecomunicazioni', 1, 0, 0, NULL, NULL),
(618, '9788849420883', '3IC', 'inglese', 0, 0, 0, NULL, NULL),
(619, '9788835047537', '3IC', 'religione', 0, 0, 0, NULL, NULL),
(620, '9788839302809', '3IC', 'scienze motorie e sportive', 0, 0, 0, NULL, NULL),
(621, '9788808520937', '3ID', 'informatica', 1, 0, 0, NULL, NULL),
(622, '9788808812568', '3ID', 'inglese', 1, 0, 1, NULL, NULL),
(623, '9788839536440', '3ID', 'italiano', 1, 0, 1, NULL, NULL),
(624, '9788849420227', '3ID', 'matematica', 1, 0, 0, NULL, NULL),
(625, '9788820388737', '3ID', 'sistemi e reti', 1, 0, 1, NULL, NULL),
(626, '9788822173386', '3ID', 'storia', 1, 0, 0, NULL, NULL),
(627, '9788820388584', '3ID', 'tecnologie e progettazione di sistemi informatici e di telecomunicazioni', 1, 0, 1, NULL, NULL),
(628, '9788884882615', '3ID', 'telecomunicazioni', 1, 0, 0, NULL, NULL),
(629, '9788849420883', '3ID', 'inglese', 0, 0, 0, NULL, NULL),
(630, '9788835047537', '3ID', 'religione', 0, 0, 0, NULL, NULL),
(631, '9788839302809', '3ID', 'scienze motorie e sportive', 0, 0, 0, NULL, NULL),
(632, '9788808520937', '3IE', 'informatica', 1, 0, 0, NULL, NULL),
(633, '9788808812568', '3IE', 'inglese', 1, 0, 1, NULL, NULL),
(634, '9788839536440', '3IE', 'italiano', 1, 0, 1, NULL, NULL),
(635, '9788849420227', '3IE', 'matematica', 1, 0, 0, NULL, NULL),
(636, '9788820388737', '3IE', 'sistemi e reti', 1, 0, 1, NULL, NULL),
(637, '9788822173386', '3IE', 'storia', 1, 0, 0, NULL, NULL),
(638, '9788820388584', '3IE', 'tecnologie e progettazione di sistemi informatici e di telecomunicazioni', 1, 0, 1, NULL, NULL),
(639, '9788884882615', '3IE', 'telecomunicazioni', 1, 0, 0, NULL, NULL),
(640, '9788849420883', '3IE', 'inglese', 0, 0, 0, NULL, NULL),
(641, '9788835047537', '3IE', 'religione', 0, 0, 0, NULL, NULL),
(642, '9788839302809', '3IE', 'scienze motorie e sportive', 0, 0, 0, NULL, NULL),
(643, '9788839529930', '3MA', 'disegno', 1, 0, 0, NULL, NULL),
(644, '9788808812568', '3MA', 'inglese', 1, 0, 1, NULL, NULL),
(645, '9788839536440', '3MA', 'italiano', 1, 0, 1, NULL, NULL),
(646, '9788849420227', '3MA', 'matematica', 1, 0, 0, NULL, NULL),
(647, '9788837914059', '3MA', 'sistemi e automazione', 1, 0, 1, NULL, NULL),
(648, '9788822173386', '3MA', 'storia', 1, 0, 0, NULL, NULL),
(649, '9788820366506', '3MA', 'tecnologia meccanica', 1, 0, 0, NULL, NULL),
(650, '9788820366452', '3MA', 'meccanica', 0, 0, 0, NULL, NULL),
(651, '9788849420883', '3MA', 'inglese', 0, 0, 0, NULL, NULL),
(652, '9788835047537', '3MA', 'religione', 0, 0, 0, NULL, NULL),
(653, '9788839302809', '3MA', 'scienze motorie e sportive', 0, 0, 0, NULL, NULL),
(654, '9788839529930', '3MB', 'disegno', 1, 0, 0, NULL, NULL),
(655, '9788808812568', '3MB', 'inglese', 1, 0, 1, NULL, NULL),
(656, '9788839536440', '3MB', 'italiano', 1, 0, 1, NULL, NULL),
(657, '9788849420227', '3MB', 'matematica', 1, 0, 0, NULL, NULL),
(658, '9788837914059', '3MB', 'sistemi e automazione', 1, 0, 1, NULL, NULL),
(659, '9788822173386', '3MB', 'storia', 1, 0, 0, NULL, NULL),
(660, '9788820366506', '3MB', 'tecnologia meccanica', 1, 0, 0, NULL, NULL),
(661, '9788820366452', '3MB', 'meccanica', 0, 0, 0, NULL, NULL),
(662, '9788849420883', '3MB', 'inglese', 0, 0, 0, NULL, NULL),
(663, '9788835047537', '3MB', 'religione', 0, 0, 0, NULL, NULL),
(664, '9788839302809', '3MB', 'scienze motorie e sportive', 0, 0, 0, NULL, NULL),
(665, '9788839529930', '3MC', 'disegno', 1, 0, 0, NULL, NULL),
(666, '9788808812568', '3MC', 'inglese', 1, 0, 1, NULL, NULL),
(667, '9788839536440', '3MC', 'italiano', 1, 0, 1, NULL, NULL),
(668, '9788849420227', '3MC', 'matematica', 1, 0, 0, NULL, NULL),
(669, '9788837914059', '3MC', 'sistemi e automazione', 1, 0, 1, NULL, NULL),
(670, '9788822173386', '3MC', 'storia', 1, 0, 0, NULL, NULL),
(671, '9788820366506', '3MC', 'tecnologia meccanica', 1, 0, 0, NULL, NULL),
(672, '9788820366452', '3MC', 'meccanica', 0, 0, 0, NULL, NULL),
(673, '9788849420883', '3MC', 'inglese', 0, 0, 0, NULL, NULL),
(674, '9788835047537', '3MC', 'religione', 0, 0, 0, NULL, NULL),
(675, '9788839302809', '3MC', 'scienze motorie e sportive', 0, 0, 0, NULL, NULL),
(676, '9788839529930', '3MD', 'disegno', 1, 0, 0, NULL, NULL),
(677, '9788808812568', '3MD', 'inglese', 1, 0, 1, NULL, NULL),
(678, '9788839536440', '3MD', 'italiano', 1, 0, 1, NULL, NULL),
(679, '9788849420227', '3MD', 'matematica', 1, 0, 0, NULL, NULL),
(680, '9788837914059', '3MD', 'sistemi e automazione', 1, 0, 1, NULL, NULL),
(681, '9788822173386', '3MD', 'storia', 1, 0, 0, NULL, NULL),
(682, '9788820366506', '3MD', 'tecnologia meccanica', 1, 0, 0, NULL, NULL),
(683, '9788820366452', '3MD', 'meccanica', 0, 0, 0, NULL, NULL),
(684, '9788849420883', '3MD', 'inglese', 0, 0, 0, NULL, NULL),
(685, '9788835047537', '3MD', 'religione', 0, 0, 0, NULL, NULL),
(686, '9788839302809', '3MD', 'scienze motorie e sportive', 0, 0, 0, NULL, NULL),
(687, '9788839529930', '3ME', 'disegno', 1, 0, 0, NULL, NULL),
(688, '9788808812568', '3ME', 'inglese', 1, 0, 1, NULL, NULL),
(689, '9788839536440', '3ME', 'italiano', 1, 0, 1, NULL, NULL),
(690, '9788849420227', '3ME', 'matematica', 1, 0, 0, NULL, NULL),
(691, '9788837914059', '3ME', 'sistemi e automazione', 1, 0, 1, NULL, NULL),
(692, '9788822173386', '3ME', 'storia', 1, 0, 0, NULL, NULL),
(693, '9788820366506', '3ME', 'tecnologia meccanica', 1, 0, 0, NULL, NULL),
(694, '9788820366452', '3ME', 'meccanica', 0, 0, 0, NULL, NULL),
(695, '9788849420883', '3ME', 'inglese', 0, 0, 0, NULL, NULL),
(696, '9788835047537', '3ME', 'religione', 0, 0, 0, NULL, NULL),
(697, '9788839302809', '3ME', 'scienze motorie e sportive', 0, 0, 0, NULL, NULL),
(698, '9788808202871', '3TA', 'chimica', 1, 0, 0, NULL, NULL),
(699, '9788808063656', '3TA', 'chimica', 1, 0, 0, NULL, NULL),
(700, '9788808353467', '3TA', 'disegno', 1, 0, 0, NULL, NULL),
(701, '9788808812568', '3TA', 'inglese', 1, 0, 1, NULL, NULL),
(702, '9788839536440', '3TA', 'italiano', 1, 0, 1, NULL, NULL),
(703, '9788849420227', '3TA', 'matematica', 1, 0, 0, NULL, NULL),
(704, '9788822173386', '3TA', 'storia', 1, 0, 0, NULL, NULL),
(705, '9788820383299', '3TA', 'tecniche di distribuzione e marketing', 1, 0, 0, NULL, NULL),
(706, '9788849420883', '3TA', 'inglese', 0, 0, 0, NULL, NULL),
(707, '9788835047537', '3TA', 'religione', 0, 0, 0, NULL, NULL),
(708, '9788839302809', '3TA', 'scienze motorie e sportive', 0, 0, 0, NULL, NULL),
(709, '9788820372767', '4EA', 'elettrotecnica ed elettronica', 1, 0, 0, NULL, NULL),
(710, '9788883394348', '4EA', 'inglese', 1, 0, 1, NULL, NULL),
(711, '9788839536457', '4EA', 'italiano', 1, 0, 1, NULL, NULL),
(712, '9788849420234', '4EA', 'matematica', 1, 0, 0, NULL, NULL),
(713, '9788820372750', '4EA', 'sistemi automatici', 1, 0, 0, NULL, NULL),
(714, '9788822173515', '4EA', 'storia', 1, 0, 0, NULL, NULL);
INSERT INTO `temp_adoptions` (`id`, `book_isbn`, `class_name`, `subject_name`, `must_buy`, `recommended`, `new_adoption`, `created_at`, `updated_at`) VALUES
(715, '9788820372781', '4EA', 'tecnologie e progettazione di sistemi elettrici ed elettronici', 1, 0, 0, NULL, NULL),
(716, '9788853015044', '4EA', 'inglese', 0, 0, 0, NULL, NULL),
(717, '9788849420227', '4EA', 'matematica', 0, 0, 0, NULL, NULL),
(718, '9788835038412', '4EA', 'religione', 0, 0, 0, NULL, NULL),
(719, '9788839302809', '4EA', 'scienze motorie e sportive', 0, 0, 0, NULL, NULL),
(720, '9788820372767', '4EB', 'elettrotecnica ed elettronica', 1, 0, 0, NULL, NULL),
(721, '9788883394348', '4EB', 'inglese', 1, 0, 1, NULL, NULL),
(722, '9788839536457', '4EB', 'italiano', 1, 0, 1, NULL, NULL),
(723, '9788849420234', '4EB', 'matematica', 1, 0, 0, NULL, NULL),
(724, '9788826818184', '4EB', 'scienze e tecnologie applicate', 1, 0, 0, NULL, NULL),
(725, '9788820372750', '4EB', 'sistemi automatici', 1, 0, 0, NULL, NULL),
(726, '9788822173515', '4EB', 'storia', 1, 0, 0, NULL, NULL),
(727, '9788820372781', '4EB', 'tecnologie e progettazione di sistemi elettrici ed elettronici', 1, 0, 0, NULL, NULL),
(728, '9788853015044', '4EB', 'inglese', 0, 0, 0, NULL, NULL),
(729, '9788849420227', '4EB', 'matematica', 0, 0, 0, NULL, NULL),
(730, '9788835038412', '4EB', 'religione', 0, 0, 0, NULL, NULL),
(731, '9788839302809', '4EB', 'scienze motorie e sportive', 0, 0, 0, NULL, NULL),
(732, '9788884881250', '4EC', 'elettrotecnica ed elettronica', 1, 0, 0, NULL, NULL),
(733, '9788883394348', '4EC', 'inglese', 1, 0, 1, NULL, NULL),
(734, '9788839536457', '4EC', 'italiano', 1, 0, 1, NULL, NULL),
(735, '9788849420234', '4EC', 'matematica', 1, 0, 0, NULL, NULL),
(736, '9788820372750', '4EC', 'sistemi automatici', 1, 0, 0, NULL, NULL),
(737, '9788822173515', '4EC', 'storia', 1, 0, 0, NULL, NULL),
(738, '9788853015044', '4EC', 'inglese', 0, 0, 0, NULL, NULL),
(739, '9788849420227', '4EC', 'matematica', 0, 0, 0, NULL, NULL),
(740, '9788835038412', '4EC', 'religione', 0, 0, 0, NULL, NULL),
(741, '9788839302809', '4EC', 'scienze motorie e sportive', 0, 0, 0, NULL, NULL),
(742, '9788884881250', '4ED', 'elettrotecnica ed elettronica', 1, 0, 0, NULL, NULL),
(743, '9788853015044', '4ED', 'inglese', 1, 0, 0, NULL, NULL),
(744, '9788883394348', '4ED', 'inglese', 1, 0, 1, NULL, NULL),
(745, '9788839536457', '4ED', 'italiano', 1, 0, 1, NULL, NULL),
(746, '9788849420234', '4ED', 'matematica', 1, 0, 0, NULL, NULL),
(747, '9788820372750', '4ED', 'sistemi automatici', 1, 0, 0, NULL, NULL),
(748, '9788822173515', '4ED', 'storia', 1, 0, 0, NULL, NULL),
(749, '9788849420227', '4ED', 'matematica', 0, 0, 0, NULL, NULL),
(750, '9788835038412', '4ED', 'religione', 0, 0, 0, NULL, NULL),
(751, '9788839302809', '4ED', 'scienze motorie e sportive', 0, 0, 0, NULL, NULL),
(752, '9788839536457', '4IA', 'italiano', 1, 0, 1, NULL, NULL),
(753, '9788849420234', '4IA', 'matematica', 1, 0, 0, NULL, NULL),
(754, '9788820372484', '4IA', 'sistemi e reti', 1, 0, 0, NULL, NULL),
(755, '9788822173515', '4IA', 'storia', 1, 0, 0, NULL, NULL),
(756, '9788820372347', '4IA', 'tecnologie e progettazione di sistemi informatici e di telecomunicazioni', 1, 0, 0, NULL, NULL),
(757, '9788853015044', '4IA', 'inglese', 0, 0, 0, NULL, NULL),
(758, '9788849420227', '4IA', 'matematica', 0, 0, 0, NULL, NULL),
(759, '9788835038412', '4IA', 'religione', 0, 0, 0, NULL, NULL),
(760, '9788839302809', '4IA', 'scienze motorie e sportive', 0, 0, 0, NULL, NULL),
(761, '9788884882615', '4IA', 'telecomunicazioni', 0, 0, 0, NULL, NULL),
(762, '9788844120801', '4IB', 'inglese', 1, 0, 1, NULL, NULL),
(763, '9788839536457', '4IB', 'italiano', 1, 0, 1, NULL, NULL),
(764, '9788849420234', '4IB', 'matematica', 1, 0, 0, NULL, NULL),
(765, '9788820372484', '4IB', 'sistemi e reti', 1, 0, 0, NULL, NULL),
(766, '9788822173515', '4IB', 'storia', 1, 0, 0, NULL, NULL),
(767, '9788820372347', '4IB', 'tecnologie e progettazione di sistemi informatici e di telecomunicazioni', 1, 0, 0, NULL, NULL),
(768, '9788808520937', '4IB', 'informatica', 0, 0, 0, NULL, NULL),
(769, '9788853015044', '4IB', 'inglese', 0, 0, 0, NULL, NULL),
(770, '9788849420227', '4IB', 'matematica', 0, 0, 0, NULL, NULL),
(771, '9788835038412', '4IB', 'religione', 0, 0, 0, NULL, NULL),
(772, '9788839302809', '4IB', 'scienze motorie e sportive', 0, 0, 0, NULL, NULL),
(773, '9788884882615', '4IB', 'telecomunicazioni', 0, 0, 0, NULL, NULL),
(774, '9788839536457', '4IC', 'italiano', 1, 0, 1, NULL, NULL),
(775, '9788849420234', '4IC', 'matematica', 1, 0, 0, NULL, NULL),
(776, '9788820372484', '4IC', 'sistemi e reti', 1, 0, 0, NULL, NULL),
(777, '9788822173515', '4IC', 'storia', 1, 0, 0, NULL, NULL),
(778, '9788820372347', '4IC', 'tecnologie e progettazione di sistemi informatici e di telecomunicazioni', 1, 0, 0, NULL, NULL),
(779, '9788808520937', '4IC', 'informatica', 0, 0, 0, NULL, NULL),
(780, '9788853015044', '4IC', 'inglese', 0, 0, 0, NULL, NULL),
(781, '9788849420227', '4IC', 'matematica', 0, 0, 0, NULL, NULL),
(782, '9788835038412', '4IC', 'religione', 0, 0, 0, NULL, NULL),
(783, '9788839302809', '4IC', 'scienze motorie e sportive', 0, 0, 0, NULL, NULL),
(784, '9788884882615', '4IC', 'telecomunicazioni', 0, 0, 0, NULL, NULL),
(785, '9788844120801', '4ID', 'inglese', 1, 0, 1, NULL, NULL),
(786, '9788839536457', '4ID', 'italiano', 1, 0, 1, NULL, NULL),
(787, '9788849420234', '4ID', 'matematica', 1, 0, 0, NULL, NULL),
(788, '9788820372484', '4ID', 'sistemi e reti', 1, 0, 0, NULL, NULL),
(789, '9788822173515', '4ID', 'storia', 1, 0, 0, NULL, NULL),
(790, '9788820372347', '4ID', 'tecnologie e progettazione di sistemi informatici e di telecomunicazioni', 1, 0, 0, NULL, NULL),
(791, '9788808520937', '4ID', 'informatica', 0, 0, 0, NULL, NULL),
(792, '9788853015044', '4ID', 'inglese', 0, 0, 0, NULL, NULL),
(793, '9788849420227', '4ID', 'matematica', 0, 0, 0, NULL, NULL),
(794, '9788835038412', '4ID', 'religione', 0, 0, 0, NULL, NULL),
(795, '9788805070237', '4ID', 'religione', 0, 0, 0, NULL, NULL),
(796, '9788839302809', '4ID', 'scienze motorie e sportive', 0, 0, 0, NULL, NULL),
(797, '9788884882615', '4ID', 'telecomunicazioni', 0, 0, 0, NULL, NULL),
(798, '9788844120801', '4IE', 'inglese', 1, 0, 1, NULL, NULL),
(799, '9788839536457', '4IE', 'italiano', 1, 0, 1, NULL, NULL),
(800, '9788849420234', '4IE', 'matematica', 1, 0, 0, NULL, NULL),
(801, '9788820372484', '4IE', 'sistemi e reti', 1, 0, 0, NULL, NULL),
(802, '9788822173515', '4IE', 'storia', 1, 0, 0, NULL, NULL),
(803, '9788820372347', '4IE', 'tecnologie e progettazione di sistemi informatici e di telecomunicazioni', 1, 0, 0, NULL, NULL),
(804, '9788808520937', '4IE', 'informatica', 0, 0, 0, NULL, NULL),
(805, '9788853015044', '4IE', 'inglese', 0, 0, 0, NULL, NULL),
(806, '9788849420227', '4IE', 'matematica', 0, 0, 0, NULL, NULL),
(807, '9788835038412', '4IE', 'religione', 0, 0, 0, NULL, NULL),
(808, '9788839302809', '4IE', 'scienze motorie e sportive', 0, 0, 0, NULL, NULL),
(809, '9788884882615', '4IE', 'telecomunicazioni', 0, 0, 0, NULL, NULL),
(810, '9788839529947', '4MA', 'disegno', 1, 0, 0, NULL, NULL),
(811, '9788820388669', '4MA', 'inglese', 1, 0, 1, NULL, NULL),
(812, '9788839536457', '4MA', 'italiano', 1, 0, 1, NULL, NULL),
(813, '9788849420234', '4MA', 'matematica', 1, 0, 0, NULL, NULL),
(814, '9788820378349', '4MA', 'sistemi e automazione', 1, 0, 0, NULL, NULL),
(815, '9788822173515', '4MA', 'storia', 1, 0, 0, NULL, NULL),
(816, '9788820372408', '4MA', 'tecnologia meccanica', 1, 0, 0, NULL, NULL),
(817, '9788853015044', '4MA', 'inglese', 0, 0, 0, NULL, NULL),
(818, '9788849420227', '4MA', 'matematica', 0, 0, 0, NULL, NULL),
(819, '9788835038412', '4MA', 'religione', 0, 0, 0, NULL, NULL),
(820, '9788839302809', '4MA', 'scienze motorie e sportive', 0, 0, 0, NULL, NULL),
(821, '9788839529947', '4MB', 'disegno', 1, 0, 0, NULL, NULL),
(822, '9788820388669', '4MB', 'inglese', 1, 0, 1, NULL, NULL),
(823, '9788839536457', '4MB', 'italiano', 1, 0, 1, NULL, NULL),
(824, '9788849420234', '4MB', 'matematica', 1, 0, 0, NULL, NULL),
(825, '9788820378349', '4MB', 'sistemi e automazione', 1, 0, 0, NULL, NULL),
(826, '9788822173515', '4MB', 'storia', 1, 0, 0, NULL, NULL),
(827, '9788820372408', '4MB', 'tecnologia meccanica', 1, 0, 0, NULL, NULL),
(828, '9788853015044', '4MB', 'inglese', 0, 0, 0, NULL, NULL),
(829, '9788849420227', '4MB', 'matematica', 0, 0, 0, NULL, NULL),
(830, '9788835038412', '4MB', 'religione', 0, 0, 0, NULL, NULL),
(831, '9788839302809', '4MB', 'scienze motorie e sportive', 0, 0, 0, NULL, NULL),
(832, '9788839529947', '4MC', 'disegno', 1, 0, 0, NULL, NULL),
(833, '9788839536457', '4MC', 'italiano', 1, 0, 1, NULL, NULL),
(834, '9788849420234', '4MC', 'matematica', 1, 0, 0, NULL, NULL),
(835, '9788820378349', '4MC', 'sistemi e automazione', 1, 0, 0, NULL, NULL),
(836, '9788822173515', '4MC', 'storia', 1, 0, 0, NULL, NULL),
(837, '9788820372408', '4MC', 'tecnologia meccanica', 1, 0, 0, NULL, NULL),
(838, '9788853620774', '4MC', 'inglese', 0, 0, 0, NULL, NULL),
(839, '9788853015044', '4MC', 'inglese', 0, 0, 0, NULL, NULL),
(840, '9788849420227', '4MC', 'matematica', 0, 0, 0, NULL, NULL),
(841, '9788835038412', '4MC', 'religione', 0, 0, 0, NULL, NULL),
(842, '9788839302809', '4MC', 'scienze motorie e sportive', 0, 0, 0, NULL, NULL),
(843, '9788839529947', '4MD', 'disegno', 1, 0, 0, NULL, NULL),
(844, '9788820388669', '4MD', 'inglese', 1, 0, 1, NULL, NULL),
(845, '9788839536457', '4MD', 'italiano', 1, 0, 1, NULL, NULL),
(846, '9788849420234', '4MD', 'matematica', 1, 0, 0, NULL, NULL),
(847, '9788820378349', '4MD', 'sistemi e automazione', 1, 0, 0, NULL, NULL),
(848, '9788822173515', '4MD', 'storia', 1, 0, 0, NULL, NULL),
(849, '9788820372408', '4MD', 'tecnologia meccanica', 1, 0, 0, NULL, NULL),
(850, '9788842660149', '4MD', 'meccanica', 0, 0, 0, NULL, NULL),
(851, '9788853015044', '4MD', 'inglese', 0, 0, 0, NULL, NULL),
(852, '9788849420227', '4MD', 'matematica', 0, 0, 0, NULL, NULL),
(853, '9788835038412', '4MD', 'religione', 0, 0, 0, NULL, NULL),
(854, '9788839302809', '4MD', 'scienze motorie e sportive', 0, 0, 0, NULL, NULL),
(855, '9788820388669', '4ME', 'inglese', 1, 0, 1, NULL, NULL),
(856, '9788839536440', '4ME', 'italiano', 1, 0, 1, NULL, NULL),
(857, '9788849420227', '4ME', 'matematica', 1, 0, 0, NULL, NULL),
(858, '9788820378349', '4ME', 'sistemi e automazione', 1, 0, 0, NULL, NULL),
(859, '9788822173386', '4ME', 'storia', 1, 0, 0, NULL, NULL),
(860, '9788820372408', '4ME', 'tecnologia meccanica', 1, 0, 0, NULL, NULL),
(861, '9788849420883', '4ME', 'inglese', 0, 0, 0, NULL, NULL),
(862, '9788835038412', '4ME', 'religione', 0, 0, 0, NULL, NULL),
(863, '9788839302809', '4ME', 'scienze motorie e sportive', 0, 0, 0, NULL, NULL),
(864, '9788839536457', '4TA', 'italiano', 1, 0, 1, NULL, NULL),
(865, '9788849420234', '4TA', 'matematica', 1, 0, 0, NULL, NULL),
(866, '9788822173515', '4TA', 'storia', 1, 0, 0, NULL, NULL),
(867, '9788808353467', '4TA', 'disegno', 0, 0, 0, NULL, NULL),
(868, '9788853015044', '4TA', 'inglese', 0, 0, 0, NULL, NULL),
(869, '9788849420227', '4TA', 'matematica', 0, 0, 0, NULL, NULL),
(870, '9788835038412', '4TA', 'religione', 0, 0, 0, NULL, NULL),
(871, '9788839302809', '4TA', 'scienze motorie e sportive', 0, 0, 0, NULL, NULL),
(872, '9788820383299', '4TA', 'tecniche di distribuzione e marketing', 0, 0, 0, NULL, NULL),
(873, '9788820378479', '5EA', 'elettrotecnica ed elettronica', 1, 0, 0, NULL, NULL),
(874, '9781108454551', '5EA', 'inglese', 1, 0, 1, NULL, NULL),
(875, '9788839536495', '5EA', 'italiano', 1, 0, 1, NULL, NULL),
(876, '9788839536488', '5EA', 'italiano', 1, 0, 1, NULL, NULL),
(877, '9788849420241', '5EA', 'matematica', 1, 0, 0, NULL, NULL),
(878, '9788820378462', '5EA', 'sistemi automatici', 1, 0, 0, NULL, NULL),
(879, '9788822173430', '5EA', 'storia', 1, 0, 0, NULL, NULL),
(880, '9788820378509', '5EA', 'tecnologie e progettazione di sistemi elettrici ed elettronici', 1, 0, 0, NULL, NULL),
(881, '9788844118730', '5EA', 'inglese', 0, 0, 0, NULL, NULL),
(882, '9788805074389', '5EA', 'religione', 0, 0, 0, NULL, NULL),
(883, '9788839302809', '5EA', 'scienze motorie e sportive', 0, 0, 0, NULL, NULL),
(884, '9788820378479', '5EB', 'elettrotecnica ed elettronica', 1, 0, 0, NULL, NULL),
(885, '9781108454551', '5EB', 'inglese', 1, 0, 1, NULL, NULL),
(886, '9788839536495', '5EB', 'italiano', 1, 0, 1, NULL, NULL),
(887, '9788839536488', '5EB', 'italiano', 1, 0, 1, NULL, NULL),
(888, '9788849420241', '5EB', 'matematica', 1, 0, 0, NULL, NULL),
(889, '9788820378462', '5EB', 'sistemi automatici', 1, 0, 0, NULL, NULL),
(890, '9788822173430', '5EB', 'storia', 1, 0, 0, NULL, NULL),
(891, '9788820378509', '5EB', 'tecnologie e progettazione di sistemi elettrici ed elettronici', 1, 0, 0, NULL, NULL),
(892, '9788844118730', '5EB', 'inglese', 0, 0, 0, NULL, NULL),
(893, '9788805074389', '5EB', 'religione', 0, 0, 0, NULL, NULL),
(894, '9788839302809', '5EB', 'scienze motorie e sportive', 0, 0, 0, NULL, NULL),
(895, '9788884881267', '5EC', 'elettrotecnica ed elettronica', 1, 0, 0, NULL, NULL),
(896, '9781108454551', '5EC', 'inglese', 1, 0, 1, NULL, NULL),
(897, '9788839536495', '5EC', 'italiano', 1, 0, 1, NULL, NULL),
(898, '9788839536488', '5EC', 'italiano', 1, 0, 1, NULL, NULL),
(899, '9788849420241', '5EC', 'matematica', 1, 0, 0, NULL, NULL),
(900, '9788820378455', '5EC', 'sistemi automatici', 1, 0, 0, NULL, NULL),
(901, '9788822173430', '5EC', 'storia', 1, 0, 0, NULL, NULL),
(902, '9788844118730', '5EC', 'inglese', 0, 0, 0, NULL, NULL),
(903, '9788805074389', '5EC', 'religione', 0, 0, 0, NULL, NULL),
(904, '9788839302809', '5EC', 'scienze motorie e sportive', 0, 0, 0, NULL, NULL),
(905, '9788884881267', '5ED', 'elettrotecnica ed elettronica', 1, 0, 0, NULL, NULL),
(906, '9781108454551', '5ED', 'inglese', 1, 0, 1, NULL, NULL),
(907, '9788839536488', '5ED', 'italiano', 1, 0, 1, NULL, NULL),
(908, '9788839536495', '5ED', 'italiano', 1, 0, 1, NULL, NULL),
(909, '9788849420241', '5ED', 'matematica', 1, 0, 0, NULL, NULL),
(910, '9788820378455', '5ED', 'sistemi automatici', 1, 0, 0, NULL, NULL),
(911, '9788822173430', '5ED', 'storia', 1, 0, 0, NULL, NULL),
(912, '9788844118730', '5ED', 'inglese', 0, 0, 0, NULL, NULL),
(913, '9788805074389', '5ED', 'religione', 0, 0, 0, NULL, NULL),
(914, '9788839302809', '5ED', 'scienze motorie e sportive', 0, 0, 0, NULL, NULL),
(915, '9781108454551', '5IA', 'inglese', 1, 0, 1, NULL, NULL),
(916, '9788839536495', '5IA', 'italiano', 1, 0, 1, NULL, NULL),
(917, '9788839536488', '5IA', 'italiano', 1, 0, 1, NULL, NULL),
(918, '9788849420241', '5IA', 'matematica', 1, 0, 0, NULL, NULL),
(919, '9788820378622', '5IA', 'sistemi e reti', 1, 0, 0, NULL, NULL),
(920, '9788822173430', '5IA', 'storia', 1, 0, 0, NULL, NULL),
(921, '9788820378424', '5IA', 'tecnologie e progettazione di sistemi informatici e di telecomunicazioni', 1, 0, 0, NULL, NULL),
(922, '9788820361099', '5IA', 'informatica', 0, 0, 0, NULL, NULL),
(923, '9788844119621', '5IA', 'inglese', 0, 0, 0, NULL, NULL),
(924, '9788805074389', '5IA', 'religione', 0, 0, 0, NULL, NULL),
(925, '9788839302809', '5IA', 'scienze motorie e sportive', 0, 0, 0, NULL, NULL),
(926, '9788808245427', '5IB', 'informatica', 1, 0, 0, NULL, NULL),
(927, '9781108454551', '5IB', 'inglese', 1, 0, 1, NULL, NULL),
(928, '9788839536495', '5IB', 'italiano', 1, 0, 1, NULL, NULL),
(929, '9788839536488', '5IB', 'italiano', 1, 0, 1, NULL, NULL),
(930, '9788849420241', '5IB', 'matematica', 1, 0, 0, NULL, NULL),
(931, '9788820378622', '5IB', 'sistemi e reti', 1, 0, 0, NULL, NULL),
(932, '9788822173430', '5IB', 'storia', 1, 0, 0, NULL, NULL),
(933, '9788820378424', '5IB', 'tecnologie e progettazione di sistemi informatici e di telecomunicazioni', 1, 0, 0, NULL, NULL),
(934, '9788844119621', '5IB', 'inglese', 0, 0, 0, NULL, NULL),
(935, '9788805074389', '5IB', 'religione', 0, 0, 0, NULL, NULL),
(936, '9788839302809', '5IB', 'scienze motorie e sportive', 0, 0, 0, NULL, NULL),
(937, '9788808245427', '5IC', 'informatica', 1, 0, 0, NULL, NULL),
(938, '9781108454551', '5IC', 'inglese', 1, 0, 1, NULL, NULL),
(939, '9788839536495', '5IC', 'italiano', 1, 0, 1, NULL, NULL),
(940, '9788839536488', '5IC', 'italiano', 1, 0, 1, NULL, NULL),
(941, '9788849420241', '5IC', 'matematica', 1, 0, 0, NULL, NULL),
(942, '9788820378622', '5IC', 'sistemi e reti', 1, 0, 0, NULL, NULL),
(943, '9788822173430', '5IC', 'storia', 1, 0, 0, NULL, NULL),
(944, '9788820378424', '5IC', 'tecnologie e progettazione di sistemi informatici e di telecomunicazioni', 1, 0, 0, NULL, NULL),
(945, '9788844119621', '5IC', 'inglese', 0, 0, 0, NULL, NULL),
(946, '9788805074389', '5IC', 'religione', 0, 0, 0, NULL, NULL),
(947, '9788839302809', '5IC', 'scienze motorie e sportive', 0, 0, 0, NULL, NULL),
(948, '9788808245427', '5ID', 'informatica', 1, 0, 0, NULL, NULL),
(949, '9781108454551', '5ID', 'inglese', 1, 0, 1, NULL, NULL),
(950, '9788839536495', '5ID', 'italiano', 1, 0, 1, NULL, NULL),
(951, '9788839536488', '5ID', 'italiano', 1, 0, 1, NULL, NULL),
(952, '9788849420241', '5ID', 'matematica', 1, 0, 0, NULL, NULL),
(953, '9788820378622', '5ID', 'sistemi e reti', 1, 0, 0, NULL, NULL),
(954, '9788822173430', '5ID', 'storia', 1, 0, 0, NULL, NULL),
(955, '9788820378424', '5ID', 'tecnologie e progettazione di sistemi informatici e di telecomunicazioni', 1, 0, 0, NULL, NULL),
(956, '9788844119621', '5ID', 'inglese', 0, 0, 0, NULL, NULL),
(957, '9788805074389', '5ID', 'religione', 0, 0, 0, NULL, NULL),
(958, '9788839302809', '5ID', 'scienze motorie e sportive', 0, 0, 0, NULL, NULL),
(959, '9788808245427', '5IE', 'informatica', 1, 0, 0, NULL, NULL),
(960, '9781108454551', '5IE', 'inglese', 1, 0, 1, NULL, NULL),
(961, '9788839536495', '5IE', 'italiano', 1, 0, 1, NULL, NULL),
(962, '9788839536488', '5IE', 'italiano', 1, 0, 1, NULL, NULL),
(963, '9788849420241', '5IE', 'matematica', 1, 0, 0, NULL, NULL),
(964, '9788820378622', '5IE', 'sistemi e reti', 1, 0, 0, NULL, NULL),
(965, '9788822173430', '5IE', 'storia', 1, 0, 0, NULL, NULL),
(966, '9788820378424', '5IE', 'tecnologie e progettazione di sistemi informatici e di telecomunicazioni', 1, 0, 0, NULL, NULL),
(967, '9788844119621', '5IE', 'inglese', 0, 0, 0, NULL, NULL),
(968, '9788805074389', '5IE', 'religione', 0, 0, 0, NULL, NULL),
(969, '9788839302809', '5IE', 'scienze motorie e sportive', 0, 0, 0, NULL, NULL),
(970, '9788839529954', '5MA', 'disegno', 1, 0, 0, NULL, NULL),
(971, '9781108454551', '5MA', 'inglese', 1, 0, 1, NULL, NULL),
(972, '9788839536495', '5MA', 'italiano', 1, 0, 1, NULL, NULL),
(973, '9788839536488', '5MA', 'italiano', 1, 0, 1, NULL, NULL),
(974, '9788820383268', '5MA', 'sistemi e automazione', 1, 0, 0, NULL, NULL),
(975, '9788822173430', '5MA', 'storia', 1, 0, 0, NULL, NULL),
(976, '9788820366506', '5MA', 'tecnologia meccanica', 1, 0, 0, NULL, NULL),
(977, '9788853620774', '5MA', 'inglese', 0, 0, 0, NULL, NULL),
(978, '9788849420241', '5MA', 'matematica', 0, 0, 0, NULL, NULL),
(979, '9788805074389', '5MA', 'religione', 0, 0, 0, NULL, NULL),
(980, '9788839302809', '5MA', 'scienze motorie e sportive', 0, 0, 0, NULL, NULL),
(981, '9788839529954', '5MB', 'disegno', 1, 0, 0, NULL, NULL),
(982, '9781108454551', '5MB', 'inglese', 1, 0, 1, NULL, NULL),
(983, '9788839536495', '5MB', 'italiano', 1, 0, 1, NULL, NULL),
(984, '9788839536488', '5MB', 'italiano', 1, 0, 1, NULL, NULL),
(985, '9788849420241', '5MB', 'matematica', 1, 0, 0, NULL, NULL),
(986, '9788820383268', '5MB', 'sistemi e automazione', 1, 0, 0, NULL, NULL),
(987, '9788822173430', '5MB', 'storia', 1, 0, 0, NULL, NULL),
(988, '9788820366506', '5MB', 'tecnologia meccanica', 1, 0, 0, NULL, NULL),
(989, '9788853620774', '5MB', 'inglese', 0, 0, 0, NULL, NULL),
(990, '9788805074389', '5MB', 'religione', 0, 0, 0, NULL, NULL),
(991, '9788839302809', '5MB', 'scienze motorie e sportive', 0, 0, 0, NULL, NULL),
(992, '9788839529954', '5MC', 'disegno', 1, 0, 0, NULL, NULL),
(993, '9781108454551', '5MC', 'inglese', 1, 0, 1, NULL, NULL),
(994, '9788839536495', '5MC', 'italiano', 1, 0, 1, NULL, NULL),
(995, '9788839536488', '5MC', 'italiano', 1, 0, 1, NULL, NULL),
(996, '9788849420241', '5MC', 'matematica', 1, 0, 0, NULL, NULL),
(997, '9788820383268', '5MC', 'sistemi e automazione', 1, 0, 0, NULL, NULL),
(998, '9788822173430', '5MC', 'storia', 1, 0, 0, NULL, NULL),
(999, '9788820366506', '5MC', 'tecnologia meccanica', 1, 0, 0, NULL, NULL),
(1000, '9788853620774', '5MC', 'inglese', 0, 0, 0, NULL, NULL),
(1001, '9788805074389', '5MC', 'religione', 0, 0, 0, NULL, NULL),
(1002, '9788839302809', '5MC', 'scienze motorie e sportive', 0, 0, 0, NULL, NULL),
(1003, '9788839529954', '5MD', 'disegno', 1, 0, 0, NULL, NULL),
(1004, '9781108454551', '5MD', 'inglese', 1, 0, 1, NULL, NULL),
(1005, '9788839536495', '5MD', 'italiano', 1, 0, 1, NULL, NULL),
(1006, '9788839536488', '5MD', 'italiano', 1, 0, 1, NULL, NULL),
(1007, '9788849420241', '5MD', 'matematica', 1, 0, 0, NULL, NULL),
(1008, '9788820383268', '5MD', 'sistemi e automazione', 1, 0, 0, NULL, NULL),
(1009, '9788822173430', '5MD', 'storia', 1, 0, 0, NULL, NULL),
(1010, '9788820366506', '5MD', 'tecnologia meccanica', 1, 0, 0, NULL, NULL),
(1011, '9788853620774', '5MD', 'inglese', 0, 0, 0, NULL, NULL),
(1012, '9788805074389', '5MD', 'religione', 0, 0, 0, NULL, NULL),
(1013, '9788839302809', '5MD', 'scienze motorie e sportive', 0, 0, 0, NULL, NULL),
(1014, '9788839529954', '5ME', 'disegno', 1, 0, 0, NULL, NULL),
(1015, '9781108454551', '5ME', 'inglese', 1, 0, 1, NULL, NULL),
(1016, '9788839536495', '5ME', 'italiano', 1, 0, 1, NULL, NULL),
(1017, '9788839536488', '5ME', 'italiano', 1, 0, 1, NULL, NULL),
(1018, '9788849420241', '5ME', 'matematica', 1, 0, 0, NULL, NULL),
(1019, '9788820383268', '5ME', 'sistemi e automazione', 1, 0, 0, NULL, NULL),
(1020, '9788822173430', '5ME', 'storia', 1, 0, 0, NULL, NULL),
(1021, '9788820366506', '5ME', 'tecnologia meccanica', 1, 0, 0, NULL, NULL),
(1022, '9788853620774', '5ME', 'inglese', 0, 0, 0, NULL, NULL),
(1023, '9788805074389', '5ME', 'religione', 0, 0, 0, NULL, NULL),
(1024, '9788839302809', '5ME', 'scienze motorie e sportive', 0, 0, 0, NULL, NULL),
(1025, '9781108454551', '5TA', 'inglese', 1, 0, 1, NULL, NULL),
(1026, '9788839536495', '5TA', 'italiano', 1, 0, 1, NULL, NULL),
(1027, '9788839536488', '5TA', 'italiano', 1, 0, 1, NULL, NULL),
(1028, '9788849420241', '5TA', 'matematica', 1, 0, 0, NULL, NULL),
(1029, '9788822173430', '5TA', 'storia', 1, 0, 0, NULL, NULL),
(1030, '9788808353467', '5TA', 'disegno', 0, 0, 0, NULL, NULL),
(1031, '9788805074389', '5TA', 'religione', 0, 0, 0, NULL, NULL),
(1032, '9788839302809', '5TA', 'scienze motorie e sportive', 0, 0, 0, NULL, NULL),
(1033, '9788884882707', '5TA', 'tecnica e organizzazione aziendale', 0, 0, 0, NULL, NULL),
(1034, '9788808821225', '1AS', 'chimica', 1, 0, 0, NULL, NULL),
(1035, '9788863648850', '1AS', 'fisica', 1, 0, 0, NULL, NULL),
(1036, '9788883390647', '1AS', 'inglese', 1, 0, 0, NULL, NULL),
(1037, '9788839524645', '1AS', 'italiano', 1, 0, 0, NULL, NULL),
(1038, '9788842403975', '1AS', 'italiano', 1, 0, 0, NULL, NULL),
(1039, '9788849421712', '1AS', 'matematica', 1, 0, 1, NULL, NULL),
(1040, '9788849421699', '1AS', 'matematica', 1, 0, 1, NULL, NULL),
(1041, '9788808520593', '1AS', 'scienze della terra', 1, 0, 1, NULL, NULL),
(1042, '9788863648935', '1AS', 'tecnologie informatiche', 1, 0, 0, NULL, NULL),
(1043, '9788849415872', '2AS', 'matematica', 1, 0, 0, NULL, NULL),
(1044, '9788842402732', '2AS', 'storia', 1, 0, 0, NULL, NULL),
(1045, '9788824474665', '2AS', 'diritto ed economia', 0, 0, 0, NULL, NULL),
(1046, '9788808821225', '2AS', 'chimica', 0, 0, 0, NULL, NULL),
(1047, '9788808120946', '2AS', 'fisica', 0, 0, 0, NULL, NULL),
(1048, '9788883390647', '2AS', 'inglese', 0, 0, 0, NULL, NULL),
(1049, '9788839524645', '2AS', 'italiano', 0, 0, 0, NULL, NULL),
(1050, '9788842403975', '2AS', 'italiano', 0, 0, 0, NULL, NULL),
(1051, '9788820366261', '3EAS', 'elettrotecnica ed elettronica', 1, 0, 0, NULL, NULL),
(1052, '9788842404842', '3EAS', 'italiano', 1, 0, 0, NULL, NULL),
(1053, '9788849420227', '3EAS', 'matematica', 1, 0, 0, NULL, NULL),
(1054, '9788839513762', '3EAS', 'sistemi automatici', 0, 0, 0, NULL, NULL),
(1055, '9788842110026', '3EAS', 'storia', 0, 0, 0, NULL, NULL),
(1056, '9788820366643', '3EAS', 'tecnologie e progettazione di sistemi elettrici ed elettronici', 0, 0, 0, NULL, NULL),
(1057, '9788883392528', '3EAS', 'inglese', 0, 0, 0, NULL, NULL),
(1058, '9788842404842', '3IAS', 'italiano', 1, 0, 0, NULL, NULL),
(1059, '9788849420227', '3IAS', 'matematica', 1, 0, 0, NULL, NULL),
(1060, '9788884882615', '3IAS', 'telecomunicazioni', 1, 0, 0, NULL, NULL),
(1061, '9788842110026', '3IAS', 'storia', 0, 0, 0, NULL, NULL),
(1062, '9788883392528', '3IAS', 'inglese', 0, 0, 0, NULL, NULL),
(1063, '9788842404842', '3MAS', 'italiano', 1, 0, 0, NULL, NULL),
(1064, '9788849420227', '3MAS', 'matematica', 1, 0, 0, NULL, NULL),
(1065, '9788842110026', '3MAS', 'storia', 0, 0, 0, NULL, NULL),
(1066, '9788841666494', '3MAS', 'disegno', 0, 0, 0, NULL, NULL),
(1067, '9788883392528', '3MAS', 'inglese', 0, 0, 0, NULL, NULL),
(1068, '9788820372255', '3MAS', 'sistemi e automazione', 0, 0, 0, NULL, NULL),
(1069, '9788820366506', '3MAS', 'tecnologia meccanica', 0, 0, 0, NULL, NULL),
(1070, '9788820372767', '4EAS', 'elettrotecnica ed elettronica', 1, 0, 0, NULL, NULL),
(1071, '9788842404859', '4EAS', 'italiano', 1, 0, 0, NULL, NULL),
(1072, '9788849420234', '4EAS', 'matematica', 1, 0, 0, NULL, NULL),
(1073, '9788842109112', '4EAS', 'storia', 1, 0, 0, NULL, NULL),
(1074, '9788839513779', '4EAS', 'sistemi automatici', 0, 0, 0, NULL, NULL),
(1075, '9788820372781', '4EAS', 'tecnologie e progettazione di sistemi elettrici ed elettronici', 0, 0, 0, NULL, NULL),
(1076, '9788883392528', '4EAS', 'inglese', 0, 0, 0, NULL, NULL),
(1077, '9788842404859', '4IAS', 'italiano', 1, 0, 0, NULL, NULL),
(1078, '9788849420234', '4IAS', 'matematica', 1, 0, 0, NULL, NULL),
(1079, '9788842109112', '4IAS', 'storia', 1, 0, 0, NULL, NULL),
(1080, '9788883392528', '4IAS', 'inglese', 0, 0, 0, NULL, NULL),
(1081, '9788820388669', '4MAS', 'inglese', 1, 0, 1, NULL, NULL),
(1082, '9788842404859', '4MAS', 'italiano', 1, 0, 0, NULL, NULL),
(1083, '9788849420234', '4MAS', 'matematica', 1, 0, 0, NULL, NULL),
(1084, '9788842109112', '4MAS', 'storia', 1, 0, 0, NULL, NULL),
(1085, '9788820372408', '4MAS', 'tecnologia meccanica', 1, 0, 0, NULL, NULL),
(1086, '9788841666500', '4MAS', 'disegno', 0, 0, 0, NULL, NULL),
(1087, '9788852801228', '4MAS', 'sistemi e automazione', 0, 0, 0, NULL, NULL),
(1088, '9788883391118', '5EAS', 'inglese', 1, 0, 0, NULL, NULL),
(1089, '9788842404866', '5EAS', 'italiano', 1, 0, 0, NULL, NULL),
(1090, '9788849420241', '5EAS', 'matematica', 1, 0, 0, NULL, NULL),
(1091, '9788842109051', '5EAS', 'storia', 1, 0, 0, NULL, NULL),
(1092, '9788820349981', '5EAS', 'elettrotecnica ed elettronica', 0, 0, 0, NULL, NULL),
(1093, '9788839513793', '5EAS', 'sistemi automatici', 0, 0, 0, NULL, NULL),
(1094, '9788820378509', '5EAS', 'tecnologie e progettazione di sistemi elettrici ed elettronici', 0, 0, 0, NULL, NULL),
(1095, '9788883391118', '5IAS', 'inglese', 1, 0, 0, NULL, NULL),
(1096, '9788842404866', '5IAS', 'italiano', 1, 0, 0, NULL, NULL),
(1097, '9788849420241', '5IAS', 'matematica', 1, 0, 0, NULL, NULL),
(1098, '9788842109051', '5IAS', 'storia', 1, 0, 0, NULL, NULL),
(1099, '9788820388669', '5MAS', 'inglese', 1, 0, 1, NULL, NULL),
(1100, '9788842404866', '5MAS', 'italiano', 1, 0, 0, NULL, NULL),
(1101, '9788849420241', '5MAS', 'matematica', 1, 0, 0, NULL, NULL),
(1102, '9788842109051', '5MAS', 'storia', 1, 0, 0, NULL, NULL),
(1103, '9788842445456', '5MAS', 'tecnologia meccanica', 1, 0, 0, NULL, NULL),
(1104, '9788841666517', '5MAS', 'disegno', 0, 0, 0, NULL, NULL),
(1105, '9788852801525', '5MAS', 'sistemi e automazione', 0, 0, 0, NULL, NULL);

-- --------------------------------------------------------

--
-- Struttura della tabella `users`
--

CREATE TABLE `users` (
  `id` int(11) NOT NULL,
  `name` varchar(100) NOT NULL,
  `email` varchar(100) NOT NULL,
  `password` varchar(255) NOT NULL,
  `refresh_token` varchar(255) DEFAULT NULL,
  `created_at` timestamp NULL DEFAULT NULL,
  `updated_at` timestamp NULL DEFAULT NULL
) ENGINE=InnoDB DEFAULT CHARSET=latin1;

--
-- Dump dei dati per la tabella `users`
--

INSERT INTO `users` (`id`, `name`, `email`, `password`, `refresh_token`, `created_at`, `updated_at`) VALUES
(6, 'Jocelyn Hodkiewicz III', 'antwan20@hotmail.com', '$2y$10$EYxj/NyKtlbx6xX6V5AMpeNV4eH1wqtu6WXbAGYn/AtpWN07u8BSK', NULL, '2020-06-22 17:40:41', '2020-06-22 17:40:41'),
(7, 'Kiana Davis Sr.', 'andres84@waelchi.com', '$2y$10$7SBKZtLBad/0.7pACu6dWezBcJJIYIMrWbA1LZK.liocmKvpML6y.', NULL, '2020-06-22 17:40:42', '2020-06-22 18:56:48'),
(8, 'Cecelia Terry', 'west.dallas@hartmann.biz', '$2y$10$3O/Ug5wRrbK2lFNu7M2JD.b.9W2WTTC3xQSu6SUdSsVZ6j/mvKYHm', NULL, '2020-06-22 17:40:42', '2020-06-22 17:40:42'),
(9, 'Breana Nader', 'murray.coby@yahoo.com', '$2y$10$lHhJ3FdyZyTExPy4vd6LJuB9pJ2B9Kw3gPrPx..DB4KW0E1l2Q.mC', NULL, '2020-06-22 17:40:42', '2020-06-22 17:40:42'),
(10, 'Miss Cynthia Hyatt', 'vern83@lowe.biz', '$2y$10$U54fhYmCmxKPQeWlGMuhNOiAzbvFmagpzAY5n7MRnmIX0LNrcZvPW', NULL, '2020-06-22 17:40:42', '2020-06-22 17:40:42'),
(11, 'Mozelle Satterfield', 'gulgowski.della@nienow.com', '$2y$10$.0tGHgwQFbZkJPOl12XfmubnnpMYutRZpQD62mjla9o9zYzXiSvti', NULL, '2020-06-22 17:40:42', '2020-06-22 17:40:42'),
(12, 'Ricky Considine', 'cummings.warren@zboncak.com', '$2y$10$hdhnMf2oNn0qnh0ppcRb3O95wTh/jE7HVood4Bjyu9S7OJYapKhd6', NULL, '2020-06-22 17:40:42', '2020-06-22 17:40:42'),
(13, 'Mrs. Yazmin Will Sr.', 'glowe@collins.info', '$2y$10$cAzFF/2BW/A9GejbGdl.sOXR2nUrm70F65LCcqIhJp1PhBiupQyE6', NULL, '2020-06-22 17:40:42', '2020-06-22 17:40:42'),
(14, 'Viola Parisian', 'waters.deshaun@schultz.info', '$2y$10$E1uNGK7ndMELIDfgDzMk6O8BTF.MKFVF9QxE5A7LIBQ3DAAFDTT2i', NULL, '2020-06-22 17:40:42', '2020-06-22 17:40:42'),
(15, 'Prof. Rylee Wisozk MD', 'stamm.celestino@hotmail.com', '$2y$10$1DsarARHMZ9hPdNYlXINneW08o5Oj25gxjGYNO8IMJuSnGqp3mAW.', NULL, '2020-06-22 17:40:42', '2020-06-22 22:31:00'),
(16, 'prova', 'prova@prova.prova', '$2y$10$9ovNRsrneFyr7ZXt2lLGvuOJnygpxGmBkj5Ta7WbVvYfBYmeNt6wy', NULL, '2020-06-22 18:26:55', '2020-06-22 18:26:55'),
(17, 'Prova2', 'prova@prova.it', '$2y$10$XFTwYhg2MudgNjQSpJ9eMOEmmVX0k3PbIFoHJwFaFZU8yh1/yEK1O', 'eyJ0eXAiOiJKV1QiLCJhbGciOiJIUzI1NiJ9.eyJpc3MiOiJsdW1lbi1qd3QiLCJzdWIiOjE3LCJpYXQiOjE1OTMyNzMyMjMsImV4cCI6MTU5NTg2NTIyM30.4pbxDzRPWqgvVxiNtscNpE0rD0k9jj7az5H0Y6fLZCw', '2020-06-23 11:50:49', '2020-06-27 15:53:43'),
(18, 'Prova4', 'prova4@prova.it', '$2y$10$RHZJIf36RTHmN0VSxeRzFOU9TPs/0LqB7cO4BCi2LGFHRu213.gP2', 'eyJ0eXAiOiJKV1QiLCJhbGciOiJIUzI1NiJ9.eyJpc3MiOiJsdW1lbi1qd3QiLCJzdWIiOjE4LCJpYXQiOjE1OTMyNzMwNjksImV4cCI6MTU5NTg2NTA2OX0.j5acjqEPxCRKFyLMGTioAu1sdzohjHbJZSfKjg3SiLg', '2020-06-23 11:51:45', '2020-06-27 15:51:10'),
(19, 'Cristian Livella', 'cristian@cristianlivella.com', 'paleoid', 'eyJ0eXAiOiJKV1QiLCJhbGciOiJIUzI1NiJ9.eyJpc3MiOiJsdW1lbi1qd3QiLCJzdWIiOjE5LCJpYXQiOjE1OTMyODg5MjYsImV4cCI6MTU5NTg4MDkyNn0.woKWezWhzFYKgo0HETVWz7E0QOP6SanrhUwQdnCaIjQ', '2020-06-24 14:40:27', '2020-06-27 20:15:26'),
(21, 'rik', 'reek.dangerous@gmail.com', '$2y$10$Xgkx4FsL0swb6LWHDv2pFu3FzBEDsHrDkYgDxDzcNaEEAbG4WEZ5G', NULL, '2020-06-26 15:45:47', '2020-06-27 21:49:40'),
(22, 'proof', 'proof@gmail.com', '$2y$10$OX0g8DD14Rjg0MM0PRXR8eEivOcWrxVg3SoDAG1IFvVURRUpE0k3C', 'eyJ0eXAiOiJKV1QiLCJhbGciOiJIUzI1NiJ9.eyJpc3MiOiJsdW1lbi1qd3QiLCJzdWIiOjIyLCJpYXQiOjE1OTMyNjY3MDQsImV4cCI6MTU5NTg1ODcwNH0._Us8pjAJ9IqTmrk7gjVmTPN0g98t3neAKSe1_Q9NzRY', '2020-06-27 13:08:24', '2020-06-27 14:09:09');

--
-- Indici per le tabelle scaricate
--

--
-- Indici per le tabelle `adoptions`
--
ALTER TABLE `adoptions`
  ADD PRIMARY KEY (`id`);

--
-- Indici per le tabelle `books`
--
ALTER TABLE `books`
  ADD PRIMARY KEY (`id`);

--
-- Indici per le tabelle `classes`
--
ALTER TABLE `classes`
  ADD PRIMARY KEY (`id`);

--
-- Indici per le tabelle `demands`
--
ALTER TABLE `demands`
  ADD PRIMARY KEY (`id`);

--
-- Indici per le tabelle `password_resets`
--
ALTER TABLE `password_resets`
  ADD PRIMARY KEY (`id`);

--
-- Indici per le tabelle `subjects`
--
ALTER TABLE `subjects`
  ADD PRIMARY KEY (`id`);

--
-- Indici per le tabelle `supplies`
--
ALTER TABLE `supplies`
  ADD PRIMARY KEY (`id`);

--
-- Indici per le tabelle `temp_adoptions`
--
ALTER TABLE `temp_adoptions`
  ADD PRIMARY KEY (`id`);

--
-- Indici per le tabelle `users`
--
ALTER TABLE `users`
  ADD PRIMARY KEY (`id`);

--
-- AUTO_INCREMENT per le tabelle scaricate
--

--
-- AUTO_INCREMENT per la tabella `adoptions`
--
ALTER TABLE `adoptions`
  MODIFY `id` int(10) UNSIGNED NOT NULL AUTO_INCREMENT, AUTO_INCREMENT=2050;

--
-- AUTO_INCREMENT per la tabella `books`
--
ALTER TABLE `books`
  MODIFY `id` int(11) NOT NULL AUTO_INCREMENT, AUTO_INCREMENT=113;

--
-- AUTO_INCREMENT per la tabella `classes`
--
ALTER TABLE `classes`
  MODIFY `id` int(10) UNSIGNED NOT NULL AUTO_INCREMENT, AUTO_INCREMENT=90;

--
-- AUTO_INCREMENT per la tabella `demands`
--
ALTER TABLE `demands`
  MODIFY `id` int(10) UNSIGNED NOT NULL AUTO_INCREMENT, AUTO_INCREMENT=5;

--
-- AUTO_INCREMENT per la tabella `password_resets`
--
ALTER TABLE `password_resets`
  MODIFY `id` int(10) UNSIGNED NOT NULL AUTO_INCREMENT, AUTO_INCREMENT=5;

--
-- AUTO_INCREMENT per la tabella `subjects`
--
ALTER TABLE `subjects`
  MODIFY `id` int(10) UNSIGNED NOT NULL AUTO_INCREMENT, AUTO_INCREMENT=82;

--
-- AUTO_INCREMENT per la tabella `supplies`
--
ALTER TABLE `supplies`
  MODIFY `id` int(10) UNSIGNED NOT NULL AUTO_INCREMENT, AUTO_INCREMENT=13;

--
-- AUTO_INCREMENT per la tabella `temp_adoptions`
--
ALTER TABLE `temp_adoptions`
  MODIFY `id` int(10) UNSIGNED NOT NULL AUTO_INCREMENT, AUTO_INCREMENT=1106;

--
-- AUTO_INCREMENT per la tabella `users`
--
ALTER TABLE `users`
  MODIFY `id` int(11) NOT NULL AUTO_INCREMENT, AUTO_INCREMENT=23;
COMMIT;

/*!40101 SET CHARACTER_SET_CLIENT=@OLD_CHARACTER_SET_CLIENT */;
/*!40101 SET CHARACTER_SET_RESULTS=@OLD_CHARACTER_SET_RESULTS */;
/*!40101 SET COLLATION_CONNECTION=@OLD_COLLATION_CONNECTION */;
